Nombre,Dirección,lat,lon,coord_source,dist_plaza_grande_km,existe_gmaps,estrellas_num,Cantidad de Reseñas,log1p_resenas,Tiene IG,Seguidores IG,log1p_seguidores_ig,Tiene TikTok,Seguidores TT,log1p_seguidores_tt,Likes TT,Tipo Restaurante,tipo_restaurante_ui,Franquicia,franquicia_bin,marca_id,cuenta_social_duplicada,AÑO REGISTRO,CATEGORÍA,Instagram,URL IG,TikTok,URL Tik Tok
 ALISVA KIMBERLY ,"JUAN DE DIOS MORALES OE1-65 AV. PEDRO VICENTE MALDONADO, Quito, Ecuador",-0.226330218,-78.5134426,respaldo_R_S,0.6567086436457558,FALSE,,0,0,0,0,0,0,0,0,0,Desconocido,Otro,No posee,0, ALISVA KIMBERLY __0,FALSE,2008,SEGUNDA / 3 TENEDORES,No tiene,0,No tiene,0
 DON POLLO JL"","OLMEDO E IMABURA, Quito, Ecuador",-0.216119142,-78.51400016,primaria_C_D,0.5148981204224526,TRUE,4.3,36,3.6109179126442243,1,250,5.5254529391317835,0,0,0,0,Fast Food,Fast Food,Franquicia,1, DON POLLO JL"",FALSE,2016,SEGUNDA / 3 TENEDORES,donpollouio,https://www.instagram.com/donpollouio/,No tiene,0
 LA CAVA NOCHE,"Chile 269 Guayaquil, Quito, Ecuador",-0.226301308,-78.51267682,primaria_C_D,0.6453755778984874,TRUE,5,1,0.6931471805599453,1,555,6.320768294250582,0,0,0,0,Bar,Bar,No posee,0, LA CAVA NOCHE__2,FALSE,2012,SEGUNDA / 3 TENEDORES,lacavabarecuador,https://www.instagram.com/lacavabarecuador/,No tiene,0
 LA ESQUINA ZARUMEÑA ,"JUNIN E2-27 LUIS ALFONSO ORTIZ BILBAO, Quito, Ecuador",-0.223477312,-78.50928424,respaldo_R_S,0.48729955711542167,FALSE,,0,0,0,0,0,0,0,0,0,Comida Ecuatoriana,Comida Ecuatoriana,No posee,0, LA ESQUINA ZARUMEÑA __3,FALSE,2022,SEGUNDA / 3 TENEDORES,No tiene,0,No tiene,0
 LA LEYENDA CAFÉ CONCIERTO,"Chile 1270 Benalcázar, Quito, Ecuador",-0.219100786,-78.51273949,respaldo_R_S,0.1578480204704166,FALSE,,0,0,0,0,0,0,0,0,0,Cafetería,Cafetería,No posee,0, LA LEYENDA CAFÉ CONCIERTO__4,FALSE,2012,SEGUNDA / 3 TENEDORES,No tiene,0,No tiene,0
 LA TRADICIÓN,"MONTUFAR N1-88 N2 DE LOS MILAGROS, Quito, Ecuador",-0.2208816,-78.5102829,primaria_C_D,0.2501534459338821,TRUE,2.1,203,5.318119993844216,0,0,0,0,0,0,0,Tradicional,Tradicional,No posee,0, LA TRADICIÓN__5,FALSE,2013,SEGUNDA / 3 TENEDORES,No tiene,0,No tiene,0
 RESTAURANTE VIVIANA DEL CENTRO ,"MEJIA OE 1-55 FLORES, Quito, Ecuador",-0.2207456,-78.5108337,primaria_C_D,0.1872845385785365,TRUE,0,0,0,0,0,0,0,0,0,0,Desconocido,Otro,No posee,0, RESTAURANTE VIVIANA DEL CENTRO __6,FALSE,2022,SEGUNDA / 3 TENEDORES,No tiene,0,No tiene,0
 SANTA ELENA " RESTAURANTE","MORALES S1-73 GUAYAQUIL, Quito, Ecuador",-0.222704171,-78.51616404,primaria_C_D,0.47545887158445105,TRUE,3.1,7,2.0794415416798357,0,0,0,0,0,0,0,Desconocido,Otro,No posee,0, SANTA ELENA " RESTAURANTE"__7,FALSE,2008,SEGUNDA / 3 TENEDORES,No tiene,0,No tiene,0
"¡Hasta la Vuelta!, Señor","MEJIA OE6-43 BENALCAZAR, Quito, Ecuador",-0.2179924,-78.5097485,primaria_C_D,0.41394839805434286,TRUE,4.4,1740,7.462214939768189,1,16300,9.69898173460629,1,11100,9.314790473332646,34400,Nuevo Tradicional,Nuevo Tradicional,No posee,0,"¡Hasta la Vuelta!, Señor__8",FALSE,2007,PRIMERA / 4 TENEDORES,hastalavueltasenor,https://www.instagram.com/hastalavueltasenor/?__d=undefined,@hastalavueltasenor,https://www.tiktok.com/@hastalavueltasenor
ABATURC SPORT,"MANABÍ OE1-42 FLORES, Quito, Ecuador",-0.2243446,-78.5137767,respaldo_R_S,0.45045457966341035,FALSE,,0,0,0,0,0,0,0,0,0,Desconocido,Otro,No posee,0,ABATURC SPORT__9,FALSE,2023,SEGUNDA / 3 TENEDORES,No tiene,0,No tiene,0
ABU MUNIR,"N11 JOSE ANTEPARA E4-85 E5 LOS RIOS, Quito, Ecuador",-0.2253545,-78.5094293,respaldo_R_S,0.6387200162463044,FALSE,,0,0,0,0,0,0,0,0,0,Desconocido,Otro,No posee,0,ABU MUNIR__10,FALSE,2024,CUARTA / 1 TENEDOR,No tiene,0,No tiene,0
AL PASO,"VICENTE ROCAFUERTE e1-58 montúfar, Quito, Ecuador",-0.2213737,-78.5056581,respaldo_R_S,0.7669568904745075,FALSE,,0,0,0,0,0,0,0,0,0,Desconocido,Otro,No posee,0,AL PASO__11,FALSE,2024,CUARTA / 1 TENEDOR,No tiene,0,No tiene,0
ALBAN ARELLANO ALEX JUAN,"AV. PICHINCHA E3-290 sucre, Quito, Ecuador",-0.230993105,-78.51345377,respaldo_R_S,1.171589954494273,FALSE,,0,0,0,0,0,0,0,0,0,Desconocido,Otro,No posee,0,ALBAN ARELLANO ALEX JUAN__12,FALSE,2023,CUARTA / 1 TENEDOR,No tiene,0,No tiene,0
ALCIVAR CEDEÑO CELIA CELINDA,"PICHINCHA N1-632 SUCRE, Quito, Ecuador",-0.221408868,-78.52218367,respaldo_R_S,1.0814992064377644,FALSE,,0,0,0,0,0,0,0,0,0,Desconocido,Otro,No posee,0,ALCIVAR CEDEÑO CELIA CELINDA__13,FALSE,2024,CUARTA / 1 TENEDOR,No tiene,0,No tiene,0
ALGA PESCA,"GARCIA MORENO N7-68 MANABI, Quito, Ecuador",-0.2183376,-78.5090367,primaria_C_D,0.45400011267107115,TRUE,4.8,141,4.955827057601261,0,0,0,0,0,0,0,Comida Ecuatoriana,Comida Ecuatoriana,No posee,0,ALGA PESCA__14,FALSE,2024,SEGUNDA / 3 TENEDORES,No tiene,0,No tiene,0
ANDES BREW PUB,"CUENCA S1-12 AV 24 DE MAYI, Quito, Ecuador",-0.218562,-78.5094166,primaria_C_D,0.4049550689970033,TRUE,4.8,1306,7.175489713624222,1,29000,10.275085591132715,1,33,3.5263605246161616,13,Bar,Bar,Franquicia,1,ANDES BREW PUB,FALSE,2023,SEGUNDA / 3 TENEDORES,andesbrewing,https://www.instagram.com/andesbrewing/,@andesbrewing.uio,https://www.tiktok.com/@andesbrewing.uio
ANITA DEL CENTRO,"GUAYAQUIL S1-64 MORALES, Quito, Ecuador",-0.2275492,-78.5048653,respaldo_R_S,1.155459080755958,FALSE,,0,0,0,0,0,0,0,0,0,Desconocido,Otro,No posee,0,ANITA DEL CENTRO__16,FALSE,2021,SEGUNDA / 3 TENEDORES,No tiene,0,No tiene,0
AÑORANZA,"JUAN DE DIOS MORALES OE1-113 GUAYAQUIL, Quito, Ecuador",-0.225048753,-78.51357247,primaria_C_D,0.5196662314644154,TRUE,5,1,0.6931471805599453,0,0,0,0,0,0,0,Bar,Bar,No posee,0,AÑORANZA__17,FALSE,2015,SEGUNDA / 3 TENEDORES,No tiene,0,No tiene,0
APOLO'S,"Venezuela, entre y mejia y olmedo, Quito",-0.218889812,-78.51047624,primaria_C_D,0.2875684341221878,TRUE,4.8,98,4.59511985013459,1,407,6.0112671744041615,1,27800,10.2328272702548,650700,Fast Food,Fast Food,No posee,0,APOLO'S__18,FALSE,2023,SEGUNDA / 3 TENEDORES,apolosfood,https://www.instagram.com/apolosfood/,@apolosfood,https://www.tiktok.com/@apolosfood
ARROZ CON LECHE,"chile OE4-22 venezuela, Quito, Ecuador",-0.221094942,-78.5122142,primaria_C_D,0.07339171867762001,TRUE,3,5,1.791759469228055,0,0,0,0,0,0,0,Desconocido,Otro,No posee,0,ARROZ CON LECHE__19,FALSE,2021,SEGUNDA / 3 TENEDORES,No tiene,0,No tiene,0
ASADERO DE POLLOS LA GRANJA DE CRISTINA,"Chile OE5-54 García Moreno, Quito, Ecuador",-0.2260001,-78.5068199,primaria_C_D,0.8791725595887953,TRUE,5,1,0.6931471805599453,0,0,0,0,0,0,0,Fast Food,Fast Food,No posee,0,ASADERO DE POLLOS LA GRANJA DE CRISTINA__20,FALSE,2012,CUARTA / 1 TENEDOR,No tiene,0,No tiene,0
ASADERO KING CHICKEN,"GRAN COLOMBIA N11-156 BRISEÑO, Quito, Ecuador",-0.2225748,-78.5203569,respaldo_R_S,0.9035896357082039,FALSE,,0,0,0,0,0,0,0,0,0,Fast Food,Fast Food,No posee,0,ASADERO KING CHICKEN__21,FALSE,2025,CUARTA / 1 TENEDOR,No tiene,0,No tiene,0
ASADERO LA ESQUINA DE ALES,"GARCIA MORENO N7-78 MANABI, Quito, Ecuador",-0.2177821,-78.51044258,respaldo_R_S,0.3790409088136239,FALSE,,0,0,1,551,6.313548046277095,1,429,6.063785208687608,2147,Fast Food,Fast Food,Franquicia,1,ASADERO LA ESQUINA DE ALES,FALSE,2021,SEGUNDA / 3 TENEDORES,laesquinadeales,https://www.instagram.com/laesquinadeales/,@laesquinadeales.centro,https://www.tiktok.com/@laesquinadeales.centro
ASADERO M & M,"CHIMBORAZO S42-14 IMBABURA, Quito, Ecuador",-0.2239514,-78.52117473,respaldo_R_S,1.0381222339206575,FALSE,,0,0,0,0,0,0,0,0,0,Parrilla,Parrilla,No posee,0,ASADERO M & M__23,FALSE,2024,SEGUNDA / 3 TENEDORES,No tiene,0,No tiene,0
ASADERO RESTAURANTE LOS MANABAS,"VENEZUELA N5-41 MEJIA, Quito, Ecuador",-0.2256826,-78.506597,primaria_C_D,0.8734587870877336,TRUE,4.3,63,4.1588830833596715,0,0,0,0,0,0,0,Comida Ecuatoriana,Comida Ecuatoriana,No posee,0,ASADERO RESTAURANTE LOS MANABAS__24,FALSE,2023,CUARTA / 1 TENEDOR,No tiene,0,No tiene,0
ASADERO TÍO WILSON,"OLMEDO Oe5-59 BENALCAZAR, Quito, Ecuador",-0.2243456,-78.5152646,primaria_C_D,0.5266407882113882,TRUE,4.6,10,2.3978952727983707,0,0,0,0,0,0,0,Fast Food,Fast Food,No posee,0,ASADERO TÍO WILSON__25,FALSE,2020,SEGUNDA / 3 TENEDORES,No tiene,0,No tiene,0
ATÁVICO CAFÉ,"DON BOSCO E344 PEDRO CALIXTO, Quito, Ecuador",-0.2188224,-78.5049448,primaria_C_D,0.8605549858968073,TRUE,4.7,266,5.58724865840025,1,3473,8.153061946801051,0,0,0,0,Cafetería,Cafetería,No posee,0,ATÁVICO CAFÉ__26,FALSE,2023,TERCERA / 2 TENEDORES,atavicocafe,https://www.instagram.com/atavicocafe/,No tiene,0
AZÚCAR EL PORTAL DE LA SALSA,"PICHINCHA E1-111 DON BOSCO, Quito, Ecuador",-0.221287259,-78.50791945,primaria_C_D,0.5167981232134073,TRUE,4.2,99,4.605170185988092,0,0,0,0,0,0,0,Bar,Bar,No posee,0,AZÚCAR EL PORTAL DE LA SALSA__27,FALSE,2018,SEGUNDA / 3 TENEDORES,No tiene,0,No tiene,0
BAGUETTE,"IMBABURA S1-12 ROCAFUERTE, Quito, Ecuador",-0.2207456,-78.5108337,primaria_C_D,0.1872845385785365,TRUE,4.2,533,6.280395838960195,1,6031,8.704833909687792,0,0,0,0,Tradicional,Tradicional,No posee,0,BAGUETTE__28,FALSE,2022,SEGUNDA / 3 TENEDORES,baguetteec,https://www.instagram.com/baguetteec/,No tiene,0
BANDIDO BREWING,"N3 SUCRE OE2-34 GUAYAQUIL , Quito, Ecuador",-0.2212136,-78.5059883,primaria_C_D,0.7283974879045452,TRUE,4.7,2089,7.644919344958857,1,21300,9.966509298952284,0,0,0,0,Bar,Bar,No posee,0,BANDIDO BREWING__29,FALSE,2023,SEGUNDA / 3 TENEDORES,bandidobrewing,https://www.instagram.com/bandidobrewing/,No tiene,0
BELENCITA,"BOLÍVAR OE6-85 CUENCA, Quito, Ecuador",-0.2212368,-78.5152054,respaldo_R_S,0.31178142630242495,FALSE,,0,0,0,0,0,0,0,0,0,Desconocido,Otro,No posee,0,BELENCITA__30,FALSE,2012,SEGUNDA / 3 TENEDORES,No tiene,0,No tiene,0
BENALCÁZAR,"aV. GRAN COLOMBIA N11-156 general pedro Briceño, Quito, Ecuador",-0.220713414,-78.51086589,primaria_C_D,0.18324645383447025,TRUE,4.5,591,6.3835066348840055,0,0,0,0,0,0,0,Tradicional,Tradicional,No posee,0,BENALCÁZAR__31,FALSE,2015,SEGUNDA / 3 TENEDORES,No tiene,0,No tiene,0
BENDITAS CARNES,"VICENTE ROCAFUERTE S1-04 AV. MALDONADO, Quito, Ecuador",-0.222596588,-78.51478642,respaldo_R_S,0.3449430705623901,TRUE,4.4,10,2.3978952727983707,0,0,0,0,0,0,0,Parrilla,Parrilla,No posee,0,BENDITAS CARNES__32,FALSE,2012,SEGUNDA / 3 TENEDORES,No tiene,0,No tiene,0
BISTRO,"MONTUFAR N1-40 ROCAFUERTE, Quito, Ecuador",-0.2254327,-78.5111952,respaldo_R_S,0.5673557720192695,FALSE,,0,0,0,0,0,0,0,0,0,Desconocido,Otro,No posee,0,BISTRO__33,FALSE,2024,SEGUNDA / 3 TENEDORES,No tiene,0,No tiene,0
BOCANADA,"IMBABURA N1-64 SIMON BOLIVAR, Quito, Ecuador",-0.2239206,-78.5090237,primaria_C_D,0.5422960074366392,TRUE,4.7,335,5.817111159963204,1,2582,7.8567067930958405,0,0,0,0,Internacional,Internacional,No posee,0,BOCANADA__34,FALSE,2024,CUARTA / 1 TENEDOR,bocanadapizza,https://www.instagram.com/bocanadapizza/,No tiene,0
BUHOS RESTAURANTE,"CHILE OE6-201 e IMBABURA, Quito, Ecuador",-0.225202847,-78.51353906,primaria_C_D,0.5355441260797118,TRUE,4.2,140,4.948759890378168,0,0,0,0,0,0,0,Bar,Bar,No posee,0,BUHOS RESTAURANTE__35,FALSE,2022,SEGUNDA / 3 TENEDORES,No tiene,0,No tiene,0
BUKYS,"GUAYAQUIL N11-10 GALÁPAGOS, Quito, Ecuador",-0.2185667,-78.5111886,respaldo_R_S,0.2597631914412505,FALSE,,0,0,0,0,0,0,0,0,0,Desconocido,Otro,No posee,0,BUKYS__36,FALSE,2012,SEGUNDA / 3 TENEDORES,No tiene,0,No tiene,0
BURGER EL GUAYTAMBO,"CHILE CASA 210 PASAJE MALDONADO, Quito, Ecuador",-0.2213737,-78.5056581,primaria_C_D,0.7669568904745075,TRUE,4.2,388,5.963579343618446,0,0,0,0,0,0,0,Fast Food,Fast Food,No posee,0,BURGER EL GUAYTAMBO__37,FALSE,2024,CUARTA / 1 TENEDOR,No tiene,0,No tiene,0
CACHAPAS EL COMPITA,"mejia y marquesa de, Quito , Ecuador",-0.2213233,-78.5088319,primaria_C_D,0.4180186961687946,TRUE,5,1,0.6931471805599453,0,0,0,0,0,0,0,Internacional,Internacional,No posee,0,CACHAPAS EL COMPITA__38,FALSE,2023,SEGUNDA / 3 TENEDORES,No tiene,0,No tiene,0
CACHUPUD TZACAN JOSE MATIAS,"GUAYAQUIL N9-46 ESMERALDAS , Quito, Ecuador",-0.2228797,-78.5184132,respaldo_R_S,0.7087608835063534,FALSE,,0,0,0,0,0,0,0,0,0,Desconocido,Otro,No posee,0,CACHUPUD TZACAN JOSE MATIAS__39,FALSE,2024,CUARTA / 1 TENEDOR,No tiene,0,No tiene,0
CACTUS LA RONDA,"VICENTE ROCAFUERTE OE6-212 E IMBABURA, Quito, Ecuador",-0.220620387,-78.51757164,respaldo_R_S,0.5640953168758104,FALSE,,0,0,0,0,0,0,0,0,0,Bar,Bar,No posee,0,CACTUS LA RONDA__40,FALSE,2018,SEGUNDA / 3 TENEDORES,No tiene,0,No tiene,0
CAFÉ ANHELO,"Morales OE3-36 Guayaquil, Quito, Ecuador",-0.2188216,-78.5135489,primaria_C_D,0.2200761268535885,TRUE,0,0,0,0,0,0,0,0,0,0,Cafetería,Cafetería,No posee,0,CAFÉ ANHELO__41,FALSE,2012,SEGUNDA / 3 TENEDORES,No tiene,0,No tiene,0
CAFÉ CARACOL,"Sebastián de benalcazar entre Eugenio Espejo, y y Sucre, 190130 Quito",-0.2199485,-78.5138264,primaria_C_D,0.1597288403452138,TRUE,4.5,77,4.356708826689592,1,8,2.1972245773362196,0,0,0,0,Tradicional,Tradicional,No posee,0,CAFÉ CARACOL__42,FALSE,2012,SEGUNDA / 3 TENEDORES,cafe_caracol_,https://www.instagram.com/cafe_caracol_/,No tiene,0
CAFÉ DEL FRAILE,"Chile, OE 4 y Venezuela 22 y, 170401 Quito",-0.219567671,-78.5118176,primaria_C_D,0.12847226500638842,TRUE,4.4,902,6.805722553416985,1,2348,7.761744984658913,0,0,0,0,Tradicional,Tradicional,No posee,0,CAFÉ DEL FRAILE__43,FALSE,2021,PRIMERA / 4 TENEDORES,cafedelfraile,https://www.instagram.com/cafedelfraile/,No tiene,0
CAFE SAN BLAS,"LEOPOLDO SALVADOR N1-24 ROCAFUERTE, Quito, Ecuador",-0.2187065,-78.5049494,primaria_C_D,0.8629425910962021,TRUE,4.8,478,6.171700597410915,1,1006,6.914730892718563,0,0,0,0,Cafetería,Cafetería,No posee,0,CAFE SAN BLAS__44,FALSE,2012,TERCERA / 2 TENEDORES,cafe_san_blas_quito,https://www.instagram.com/cafe_san_blas_quito/,No tiene,0
CAFETERÍA MODELO CENTRO HISTÓRICO,"GUAYAQUIL N1-55 BOLIVAR, Quito, Ecuador",-0.2215077,-78.5136676,primaria_C_D,0.17149735842614275,TRUE,4.2,1918,7.5595594960077,0,0,0,0,0,0,0,Tradicional,Tradicional,No posee,0,CAFETERÍA MODELO CENTRO HISTÓRICO__45,FALSE,2008,SEGUNDA / 3 TENEDORES,No tiene,0,No tiene,0
CAISACHANA MEDINA NELLY CECILIA,"AVENIDA PICHINCHA N6-34 OLMEDO, Quito, Ecuador",-0.2256826,-78.506597,respaldo_R_S,0.8734587870877336,FALSE,,0,0,0,0,0,0,0,0,0,Desconocido,Otro,No posee,0,CAISACHANA MEDINA NELLY CECILIA__46,FALSE,2024,CUARTA / 1 TENEDOR,No tiene,0,No tiene,0
CALICANTO,"AV PICHINCHA N3-114 CONCEPCION, Quito, Ecuador",-0.2243446,-78.5137767,respaldo_R_S,0.45045457966341035,FALSE,,0,0,0,0,0,0,0,0,0,Desconocido,Otro,No posee,0,CALICANTO__47,FALSE,2011,SEGUNDA / 3 TENEDORES,No tiene,0,No tiene,0
CALLEJON QUITEÑO,"S1C JUAN DE DIOS Morales  OE3-68  OE3 Guayaquil, Quito, Ecuador",-0.225367587,-78.51352101,respaldo_R_S,0.5530296063553651,FALSE,,0,0,0,0,0,0,0,0,0,Tradicional,Tradicional,No posee,0,CALLEJON QUITEÑO__48,FALSE,2018,SEGUNDA / 3 TENEDORES,No tiene,0,No tiene,0
CARAVANA,"AV.MALDONADO S5-14 BENIGNO VELA, Quito, Ecuador",-0.2216162,-78.513984,primaria_C_D,0.2064792978890235,TRUE,4,1255,7.135687347028144,1,7093,8.867004635333567,1,3207,8.073402968986406,13500,Fast Food,Fast Food,Franquicia,1,CARAVANA,FALSE,2008,SEGUNDA / 3 TENEDORES,caravanafastfood,https://www.instagram.com/caravanafastfood/,@caravanafastfood24,https://www.tiktok.com/@caravanafastfood24
CARAVANA,"ABDON CALDERON OE9-224 TUPAC YUPANQUI, Quito, Ecuador",-0.2190905,-78.5130829,primaria_C_D,0.16960261699199955,TRUE,3.9,761,6.635946555686647,1,7093,8.867004635333567,1,3207,8.073402968986406,13500,Fast Food,Fast Food,Franquicia,1,CARAVANA,TRUE,2008,SEGUNDA / 3 TENEDORES,caravanafastfood,https://www.instagram.com/caravanafastfood/,@caravanafastfood24,https://www.tiktok.com/@caravanafastfood24
CARAVANA,"GARCIA MORENO S3 24 LOJA, Quito, Ecuador",-0.2218299,-78.5090985,primaria_C_D,0.4061076185308773,TRUE,4.2,201,5.308267697401205,1,7093,8.867004635333567,1,3207,8.073402968986406,13500,Fast Food,Fast Food,Franquicia,1,CARAVANA,TRUE,2008,SEGUNDA / 3 TENEDORES,caravanafastfood,https://www.instagram.com/caravanafastfood/,@caravanafastfood24,https://www.tiktok.com/@caravanafastfood24
CARMITA,"Plaza Del Teatro, Jose J.Olmedo Oe2-18, 170136 Quito",-0.219588623,-78.50921748,primaria_C_D,0.3788041951104497,TRUE,5,1,0.6931471805599453,1,237,5.472270673671475,0,0,0,0,Tradicional,Tradicional,No posee,0,CARMITA__52,FALSE,2008,SEGUNDA / 3 TENEDORES,cafeteria_carmita,https://www.instagram.com/cafeteria_carmita/,No tiene,0
CASA BLANCA DE MONTUFAR,"AV. PICHINCHA N4-107 VICENTE LEON, Quito, Ecuador",-0.2212405,-78.5089523,primaria_C_D,0.4029850267264173,TRUE,4.9,45,3.828641396489095,0,0,0,0,0,0,0,Desconocido,Otro,No posee,0,CASA BLANCA DE MONTUFAR__53,FALSE,2023,SEGUNDA / 3 TENEDORES,No tiene,0,No tiene,0
CASA GANGOTENA RESTAURANTE,"BolÍvar Oe6-41 Cuenca, Quito, Ecuador",-0.2211493,-78.5154623,primaria_C_D,0.33721007685072096,TRUE,4.7,661,6.495265555937008,1,27400,10.21833478806055,0,0,0,0,Nuevo Tradicional,Nuevo Tradicional,No posee,0,CASA GANGOTENA RESTAURANTE__54,FALSE,2011,LUJO / 5 TENEDORES,restaurantecasagangotena,https://www.instagram.com/restaurantecasagangotena/,No tiene,0
CASA MANUELA,"GARCíA MORENO N7-37 MANABÍ, Quito, Ecuador",-0.2201151,-78.5127699,primaria_C_D,0.05227260882328248,TRUE,4.4,115,4.7535901911063645,0,0,0,0,0,0,0,Desconocido,Otro,No posee,0,CASA MANUELA__55,FALSE,2021,PRIMERA / 4 TENEDORES,No tiene,0,No tiene,0
CASA TUA RISTORANTE,"GARCIA MORENO N6-67 OLMEDO, Quito, Ecuador",-0.218590174,-78.5112136,respaldo_R_S,0.25604393926518887,FALSE,,0,0,1,78,4.3694478524670215,0,0,0,0,Fast Food,Fast Food,No posee,0,CASA TUA RISTORANTE__56,FALSE,2018,SEGUNDA / 3 TENEDORES,casatuaristorante,https://www.instagram.com/casatuaristorante/?hl=es,No tiene,0
CECIBEL ,"Imbabura N1-16 Rocafuerte , Quito, Ecuador",-0.2219862,-78.5065969,respaldo_R_S,0.676873581441721,FALSE,,0,0,0,0,0,0,0,0,0,Desconocido,Otro,No posee,0,CECIBEL __57,FALSE,2024,CUARTA / 1 TENEDOR,No tiene,0,No tiene,0
CEVICHERIA LA ERMITA,"N3 SUCRE E1-118 MONTUFAR, Quito, Ecuador",-0.2213834,-78.5214684,respaldo_R_S,1.0020593997527691,FALSE,,0,0,0,0,0,0,0,0,0,Comida Ecuatoriana,Comida Ecuatoriana,No posee,0,CEVICHERIA LA ERMITA__58,FALSE,2024,CUARTA / 1 TENEDOR,No tiene,0,No tiene,0
CEVICHOCHOS DE LA BOLIVAR,"AVENIDA PICHINCHA N43097 CHILE, Quito, Ecuador",-0.2224,-78.51381,primaria_C_D,0.256618868433251,TRUE,4.5,727,6.590301048196686,0,0,0,0,0,0,0,Desconocido,Otro,No posee,0,CEVICHOCHOS DE LA BOLIVAR__59,FALSE,2024,SEGUNDA / 3 TENEDORES,No tiene,0,No tiene,0
CHAN CHAN,"LOJA OE2-352 GUAYAQUIL, Quito, Ecuador",-0.219983,-78.5052819,primaria_C_D,0.8046663470348554,TRUE,5,41,3.7376696182833684,1,2081,7.641084249174914,0,0,0,0,Bar,Bar,No posee,0,CHAN CHAN__60,FALSE,2024,CUARTA / 1 TENEDOR,chanchanuio,https://www.instagram.com/chanchanuio/,No tiene,0
CHIFA FOUR SEA,"GARCÍA MORENO N7-15 OLMEDO, Quito, Ecuador",-0.218455941,-78.51093379,respaldo_R_S,0.2863383784864105,FALSE,,0,0,0,0,0,0,0,0,0,Internacional,Internacional,No posee,0,CHIFA FOUR SEA__61,FALSE,2013,CUARTA / 1 TENEDOR,No tiene,0,No tiene,0
CHIFA JING BIN,"MONTUFAR N357 JUNIN, Quito, Ecuador",-0.2178802,-78.5070442,respaldo_R_S,0.6729697571895931,FALSE,,0,0,0,0,0,0,0,0,0,Internacional,Internacional,No posee,0,CHIFA JING BIN__62,FALSE,2022,SEGUNDA / 3 TENEDORES,No tiene,0,No tiene,0
CHIFA LEPUT,"VICENTE LEON 680 ESMERALDAS, Quito, Ecuador",-0.2228512,-78.5189472,primaria_C_D,0.7630751907676891,TRUE,4.7,87,4.477336814478207,0,0,0,0,0,0,0,Internacional,Internacional,No posee,0,CHIFA LEPUT__63,FALSE,2024,SEGUNDA / 3 TENEDORES,No tiene,0,No tiene,0
CHIFA MIN FU,"JUAN PÍO MONTUFAR N2-34 PEREIRA, Quito, Ecuador",-0.2193096,-78.5087458,primaria_C_D,0.43792823039226925,TRUE,4.2,21,3.091042453358316,0,0,0,0,0,0,0,Internacional,Internacional,No posee,0,CHIFA MIN FU__64,FALSE,2019,SEGUNDA / 3 TENEDORES,No tiene,0,No tiene,0
CHIFA RONG QIAO,"Cuenca N6-38 Olmedo, Quito, Ecuador",-0.2175959,-78.5071669,primaria_C_D,0.6752319286538366,TRUE,4.4,64,4.174387269895637,0,0,0,0,0,0,0,Internacional,Internacional,No posee,0,CHIFA RONG QIAO__65,FALSE,2017,SEGUNDA / 3 TENEDORES,No tiene,0,No tiene,0
CHIFA TIAN YOU,"QFHR+2G8, Av Pichincha, 170136 Quito, Ecuador",-0.2205009,-78.5107886,primaria_C_D,0.19029761455152433,TRUE,4,4,1.6094379124341003,0,0,0,0,0,0,0,Internacional,Internacional,No posee,0,CHIFA TIAN YOU__66,FALSE,2023,CUARTA / 1 TENEDOR,No tiene,0,No tiene,0
CHIFA YING KE,"BOLÍVAR OE6-147 E IMBABURA, Quito, Ecuador",-0.2207746,-78.5173075,primaria_C_D,0.5354369832950349,TRUE,4.6,9,2.302585092994046,0,0,0,0,0,0,0,Internacional,Internacional,No posee,0,CHIFA YING KE__67,FALSE,2012,SEGUNDA / 3 TENEDORES,No tiene,0,No tiene,0
CHIFA YUXUAN,"PEDRO FERMIN CEVALLOS N9-58 ORIENTE, Quito, Ecuador",-0.225216,-78.5071881,primaria_C_D,0.7898481033134813,TRUE,3.9,10,2.3978952727983707,0,0,0,0,0,0,0,Internacional,Internacional,No posee,0,CHIFA YUXUAN__68,FALSE,2021,CUARTA / 1 TENEDOR,No tiene,0,No tiene,0
CHOCOLATE TRADICIONAL,"Montúfar oE1-02 Esmeraldas, Quito, Ecuador",-0.2191236,-78.5144618,primaria_C_D,0.2664755632244244,TRUE,4.5,23,3.1780538303479458,0,0,0,0,0,0,0,Tradicional,Tradicional,No posee,0,CHOCOLATE TRADICIONAL__69,FALSE,2023,SEGUNDA / 3 TENEDORES,No tiene,0,No tiene,0
CHORIGOL,"Av. 24 de Mayo OE7-44 e Imbabura, Quito, Ecuador",-0.218056,-78.5110252,primaria_C_D,0.3174053129978762,TRUE,4.1,150,5.017279836814924,1,10300,9.239996256883693,1,9441,9.152923101106232,38200,Internacional,Internacional,Franquicia,1,CHORIGOL,FALSE,2023,SEGUNDA / 3 TENEDORES,chorigoloficial,https://www.instagram.com/chorigoloficial/,@chorigol_ec,https://www.tiktok.com/@chorigol_ec
CISNE DE LA PLAZA DEL TEATRO,"OLMEDO E1-136 PEDRO FERMÍN CEVALLOS, Quito, Ecuador",-0.2195263,-78.5082031,primaria_C_D,0.48990381185632825,TRUE,5,1,0.6931471805599453,0,0,0,0,0,0,0,Desconocido,Otro,No posee,0,CISNE DE LA PLAZA DEL TEATRO__71,FALSE,2011,SEGUNDA / 3 TENEDORES,No tiene,0,No tiene,0
CLAROSCURO,"MONTUFAR N7-13 OLMEDO, Quito, Ecuador",-0.223328,-78.514359,primaria_C_D,0.3763157855293884,TRUE,4.7,170,5.14166355650266,1,24900,10.122663242288953,1,3130,8.049107721326406,44300,Nuevo Tradicional,Nuevo Tradicional,Franquicia,1,CLAROSCURO,FALSE,2023,PRIMERA / 4 TENEDORES,claroscuro.uio,https://www.instagram.com/claroscuro.uio/,@claroscuro.uio,https://www.tiktok.com/@claroscuro.uio
COCHOLATE COMIDA ECUATORIANA,"García Moreno N2-60 Sucre, Quito, Ecuador",-0.2199702,-78.5148448,primaria_C_D,0.2673005274932913,TRUE,4.1,345,5.846438775057725,1,32800,10.39821428171237,1,17600,9.77571099759397,257800,Nuevo Tradicional,Nuevo Tradicional,Franquicia,1,COCHOLATE COMIDA ECUATORIANA,FALSE,2024,PRIMERA / 4 TENEDORES,cocholateecu,https://www.instagram.com/cocholateecu/,@cocholateecu,https://www.tiktok.com/@cocholateecu
COCOA PACHA FOOD COFFEE CHOCOLATE,"MORALES OE11-13 GUAYAQUIL, Quito, Ecuador",-0.223794157,-78.51350793,respaldo_R_S,0.383056079723166,FALSE,,0,0,0,0,0,0,0,0,0,Cafetería,Cafetería,No posee,0,COCOA PACHA FOOD COFFEE CHOCOLATE__74,FALSE,2018,SEGUNDA / 3 TENEDORES,No tiene,0,No tiene,0
COLONIAL,"AV PICHINCHA N4-39 SUCRE, Quito, Ecuador",-0.2178802,-78.5070442,respaldo_R_S,0.6729697571895931,FALSE,,0,0,0,0,0,0,0,0,0,Tradicional,Tradicional,No posee,0,COLONIAL__75,FALSE,2008,SEGUNDA / 3 TENEDORES,No tiene,0,No tiene,0
COMEDOR EL TAMALITO,"Juan Pío Montúfar 192, 170130 Quito",-0.224448729,-78.51150938,primaria_C_D,0.4526845554968268,TRUE,0,0,0,0,0,0,0,0,0,0,Tradicional,Tradicional,No posee,0,COMEDOR EL TAMALITO__76,FALSE,2023,SEGUNDA / 3 TENEDORES,No tiene,0,No tiene,0
COMEDOR MIRYAN,"MANABÍ OE1-37 Flores, Quito, Ecuador",-0.219216344,-78.50858356,respaldo_R_S,0.4582802706029115,FALSE,,0,0,0,0,0,0,0,0,0,Desconocido,Otro,No posee,0,COMEDOR MIRYAN__77,FALSE,2024,CUARTA / 1 TENEDOR,No tiene,0,No tiene,0
COMIDA TIPICA LOS TRES CHIVOS DE DAVID,"MARQUESA DE SOLANDA N545 MEJIA, Quito, Ecuador",-0.2184406,-78.510825,primaria_C_D,0.29517409457816646,TRUE,4.6,61,4.127134385045092,1,531,6.2766434893416445,1,1588,7.370860166536716,10300,Tradicional,Tradicional,No posee,0,COMIDA TIPICA LOS TRES CHIVOS DE DAVID__78,FALSE,2018,SEGUNDA / 3 TENEDORES,lostreschivosdedavid,https://www.instagram.com/lostreschivosdedavid/,@lostreschivosdedavid,https://www.tiktok.com/@lostreschivosdedavid
COMIDA TÍPICA RESTAURANTE DAVID,"N4A ESPEJO OE 3-45 VENEZUELA, Quito, Ecuador",-0.2172352,-78.5124424,primaria_C_D,0.3630856906273128,TRUE,4.6,61,4.127134385045092,0,0,0,0,0,0,0,Tradicional,Tradicional,No posee,0,COMIDA TÍPICA RESTAURANTE DAVID__79,FALSE,2022,SEGUNDA / 3 TENEDORES,No tiene,0,No tiene,0
COMIDAS DE LA ROCAFUERTE,"BOLÍVAR OE4-67 GARCÍA MORENO, Quito, Ecuador",-0.2171185,-78.5143446,primaria_C_D,0.4283104125642715,TRUE,4.5,135,4.912654885736052,0,0,0,0,0,0,0,Desconocido,Otro,No posee,0,COMIDAS DE LA ROCAFUERTE__80,FALSE,2024,SEGUNDA / 3 TENEDORES,No tiene,0,No tiene,0
CONVERGENCIA ALIMENTO DE TODOS LOS TIEMPOS,"VICENTE ROCAFUERTE E4-115 N3 SUCRE, Quito, Ecuador",-0.2188224,-78.5049448,primaria_C_D,0.8605549858968073,TRUE,5,363,5.8971538676367405,1,896,6.799055862058796,0,0,0,0,Nuevo Tradicional,Nuevo Tradicional,No posee,0,CONVERGENCIA ALIMENTO DE TODOS LOS TIEMPOS__81,FALSE,2023,TERCERA / 2 TENEDORES,convergencia.food,https://www.instagram.com/convergencia.food/,No tiene,0
CRYZPY,"N3 SUCRE E3221 AV PICHINCHA, Quito, Ecuador",-0.2210091,-78.5099563,primaria_C_D,0.288453794829577,TRUE,4.1,9,2.302585092994046,1,73,4.30406509320417,1,1625,7.3938782901077555,11700,Fast Food,Fast Food,No posee,0,CRYZPY__82,FALSE,2024,SEGUNDA / 3 TENEDORES,cryzpy.ec,https://www.instagram.com/cryzpy.ec/reels/,@cryzpyec,https://www.tiktok.com/@cryzpyec
CUCHARA DE PALO DE LA RONDA,"MORALES 984 VENEZUELA, Quito, Ecuador",-0.225111829,-78.5141064,primaria_C_D,0.5430304019094758,TRUE,4.2,5,1.791759469228055,0,0,0,0,0,0,0,Bar,Bar,No posee,0,CUCHARA DE PALO DE LA RONDA__83,FALSE,2018,SEGUNDA / 3 TENEDORES,No tiene,0,No tiene,0
D''L MAR CEVICHES MARISCOS & ALGO MAS...,"Manabi y García Moreno &, 170401 Quito",-0.221592987,-78.50927806,respaldo_R_S,0.37831389308103636,TRUE,4.8,16,2.833213344056216,1,92,4.532599493153256,0,0,0,0,Comida Ecuatoriana,Comida Ecuatoriana,No posee,0,D''L MAR CEVICHES MARISCOS & ALGO MAS...__84,FALSE,2024,PRIMERA / 4 TENEDORES,dlmar.rest,https://www.instagram.com/dlmar.rest/,No tiene,0
DAVID POLLO DE SAN BLAS,"Av. Gran Colombia N11-300, 170136 Quito",-0.217056047,-78.50487274,primaria_C_D,0.9305564476000607,TRUE,4.5,6,1.9459101490553132,0,0,0,0,0,0,0,Fast Food,Fast Food,No posee,0,DAVID POLLO DE SAN BLAS__85,FALSE,2012,SEGUNDA / 3 TENEDORES,No tiene,0,No tiene,0
DELICIA DE JUANCHO,"García Moreno y Manabi, 170401 Quito",-0.217853415,-78.51065215,primaria_C_D,0.35891875600691703,TRUE,5,1,0.6931471805599453,1,822,6.71295620067707,0,0,0,0,Fast Food,Fast Food,No posee,0,DELICIA DE JUANCHO__86,FALSE,2017,SEGUNDA / 3 TENEDORES,las_delicias_de_juancho,https://www.instagram.com/las_delicias_de_juancho/,No tiene,0
DELICIAS COLOMBIA ISOLINA,"CANTUÑA S4-30 ABDON CALDERON, Quito, Ecuador",-0.2181744,-78.5088909,primaria_C_D,0.4774113389398138,TRUE,4.3,1003,6.911747300251674,0,0,0,0,0,0,0,Internacional,Internacional,No posee,0,DELICIAS COLOMBIA ISOLINA__87,FALSE,2012,SEGUNDA / 3 TENEDORES,No tiene,0,No tiene,0
DELICIAS DE LA CHILE,"N2 BOLIVAR OE8108 OE9 CHIMBORAZO, Quito, Ecuador",-0.2220496,-78.5075475,primaria_C_D,0.5770165055794209,TRUE,5,6,1.9459101490553132,0,0,0,0,0,0,0,Tradicional,Tradicional,No posee,0,DELICIAS DE LA CHILE__88,FALSE,2024,CUARTA / 1 TENEDOR,No tiene,0,No tiene,0
DELICIAS DE LA GUAIRA,"García Moreno  N7-50 N8 manabÍ, Quito, Ecuador",-0.217716244,-78.51061357,respaldo_R_S,0.37391703621475836,FALSE,,0,0,0,0,0,0,0,0,0,Desconocido,Otro,No posee,0,DELICIAS DE LA GUAIRA__89,FALSE,2023,CUARTA / 1 TENEDOR,No tiene,0,No tiene,0
DELICIAS MANABITAS,"E3 PEDRO FERMIN CEVALLOS N5-55 N5 CHILE, Quito, Ecuador",-0.2183076,-78.515861,primaria_C_D,0.4462059011240778,TRUE,4.7,16,2.833213344056216,0,0,0,0,0,0,0,Comida Ecuatoriana,Comida Ecuatoriana,No posee,0,DELICIAS MANABITAS__90,FALSE,2015,SEGUNDA / 3 TENEDORES,No tiene,0,No tiene,0
DELICIAS MERCEDITAS,"DON BOSCO E4 19 VICENTE LEON, Quito, Ecuador",-0.221028065,-78.50467416,primaria_C_D,0.8721660752579362,TRUE,0,0,0,0,0,0,0,0,0,0,Fast Food,Fast Food,No posee,0,DELICIAS MERCEDITAS__91,FALSE,2024,CUARTA / 1 TENEDOR,No tiene,0,No tiene,0
DELIRIUM,"E1A JOAQUIN PAREDES E1-152 VICENTE ROCAFUERTE, Quito, Ecuador",-0.2189516,-78.5043356,primaria_C_D,0.9240157208695984,TRUE,4.8,66,4.204692619390966,1,1722,7.45182223652793,1,203,5.318119993844216,2428,Internacional,Internacional,No posee,0,DELIRIUM__92,FALSE,2023,CUARTA / 1 TENEDOR,deliriumpizzaarte,https://www.instagram.com/deliriumpizzaarte/,@deliriumpizzaarte,https://www.tiktok.com/@deliriumpizzaarte
DIEGUITO,"Imbabura N3-09, 170401 Quito",-0.21920733,-78.51649292,primaria_C_D,0.4666766569117991,TRUE,2,1,0.6931471805599453,0,0,0,0,0,0,0,Desconocido,Otro,No posee,0,DIEGUITO__93,FALSE,2012,SEGUNDA / 3 TENEDORES,No tiene,0,No tiene,0
DIOSOLOPAY,"SUCRE 391 GARCÍA MORENO, Quito, Ecuador",-0.2204752,-78.5131769,primaria_C_D,0.0753177885284819,TRUE,4.2,498,6.212606095751519,1,87,4.477336814478207,1,275,5.62040086571715,3898,Nuevo Tradicional,Nuevo Tradicional,No posee,0,DIOSOLOPAY__94,FALSE,2012,PRIMERA / 4 TENEDORES,restaurante_diosolopay,https://www.instagram.com/restaurante_diosolopay/,@_restaurante_diosolopay_,https://www.tiktok.com/@_restaurante_diosolopay_
DON PANCHO,"Imbabura y Chile, Quito, Ecuador",-0.217324285,-78.51523898,primaria_C_D,0.4663174744271215,TRUE,2.3,72,4.290459441148391,0,0,0,0,0,0,0,Fast Food,Fast Food,No posee,0,DON PANCHO__95,FALSE,2012,SEGUNDA / 3 TENEDORES,No tiene,0,No tiene,0
DON PEDRO,"Asunción Oe5-174, 170103 Quito",-0.206294705,-78.50672222,primaria_C_D,1.7052121209418467,TRUE,4.6,5,1.791759469228055,0,0,0,0,0,0,0,Comida Ecuatoriana,Comida Ecuatoriana,No posee,0,DON PEDRO__96,FALSE,2022,SEGUNDA / 3 TENEDORES,No tiene,0,No tiene,0
DON POLLO,"QFMP+GCR, imbabura y, José Joaquín Olmedo, 170401 Quito",-0.216129871,-78.5139787,primaria_C_D,0.5129998086456361,TRUE,4.3,36,3.6109179126442243,1,730,6.594413459749778,1,5493,8.611411866655219,1516,Fast Food,Fast Food,Franquicia,1,DON POLLO,FALSE,2008,SEGUNDA / 3 TENEDORES,donpolloec,https://www.instagram.com/donpolloec/,@donpolloec,https://www.tiktok.com/@donpolloec
DULCE TRADICION ,"ANTEPARA E4-60 RíOS, Quito, Ecuador",-0.2242688,-78.5137557,primaria_C_D,0.4417198296859073,TRUE,5,1,0.6931471805599453,0,0,0,0,0,0,0,Tradicional,Tradicional,No posee,0,DULCE TRADICION __98,FALSE,2024,CUARTA / 1 TENEDOR,No tiene,0,No tiene,0
EL ATRIO 593,"GUAYAQUIL n7-14 OLMEDO, Quito, Ecuador",-0.2185525,-78.5111269,primaria_C_D,0.2649645188306708,TRUE,4.6,14,2.70805020110221,0,0,0,0,0,0,0,Desconocido,Otro,No posee,0,EL ATRIO 593__99,FALSE,2024,SEGUNDA / 3 TENEDORES,No tiene,0,No tiene,0
EL BALCÓN MIRADOR XAVIER,"ROCAFUERTE OE6-124 oe6a CUENCA, Quito, Ecuador",-0.2256032,-78.51323923,primaria_C_D,0.5733724417969835,TRUE,4,5,1.791759469228055,0,0,0,0,0,0,0,Nuevo Tradicional,Nuevo Tradicional,No posee,0,EL BALCÓN MIRADOR XAVIER__100,FALSE,2018,SEGUNDA / 3 TENEDORES,No tiene,0,No tiene,0
EL BALCÓN SUMAK RIKUY,"EsmeraldaS Oe3-48 Vargas, Quito, Ecuador",-0.221329686,-78.5112314,respaldo_R_S,0.1685511497084546,TRUE,4.4,168,5.1298987149230735,0,0,0,0,0,0,0,Nuevo Tradicional,Nuevo Tradicional,No posee,0,EL BALCÓN SUMAK RIKUY__101,FALSE,2015,PRIMERA / 4 TENEDORES,No tiene,0,No tiene,0
EL BUEN CAFÉ DE JOEL,"de 3, La Ronda 68, 170130 Quito",-0.2239942,-78.5141064,primaria_C_D,0.4276296631385709,TRUE,3.7,43,3.784189633918261,0,0,0,0,0,0,0,Tradicional,Tradicional,No posee,0,EL BUEN CAFÉ DE JOEL__102,FALSE,2010,SEGUNDA / 3 TENEDORES,No tiene,0,No tiene,0
EL BUEN POLLO CARMITA,"E6 VALPARAISO N4-67 N4C ANTOFAGASTA, Quito, Ecuador",-0.2205044,-78.5069922,primaria_C_D,0.612435077025755,TRUE,4.4,47,3.871201010907891,0,0,0,0,0,0,0,Desconocido,Otro,No posee,0,EL BUEN POLLO CARMITA__103,FALSE,2024,SEGUNDA / 3 TENEDORES,No tiene,0,No tiene,0
EL BUEN SAZÓN,"BENALCÁZAR n3-07 SUCRE, Quito, Ecuador",-0.220705886,-78.51439403,respaldo_R_S,0.2118456112568385,FALSE,,0,0,0,0,0,0,0,0,0,Desconocido,Otro,No posee,0,EL BUEN SAZÓN__104,FALSE,2021,SEGUNDA / 3 TENEDORES,No tiene,0,No tiene,0
EL CAFE MUSICAL LA RONDA,"OE2 FLORES N5-04 Y N5 CHILE, Quito, Ecuador",-0.2242057,-78.5140378,primaria_C_D,0.4461259869887381,TRUE,2.3,6,1.9459101490553132,0,0,0,0,0,0,0,Desconocido,Otro,No posee,0,EL CAFE MUSICAL LA RONDA__105,FALSE,2014,SEGUNDA / 3 TENEDORES,No tiene,0,No tiene,0
EL CANDDYL DE LA RONDA,"IMBABURA N2-53 ALIANZA, Quito, Ecuador",-0.2258871,-78.513209,primaria_C_D,0.6041837480443387,TRUE,4,740,6.608000625296087,1,383,5.950642552587727,0,0,0,0,Bar,Bar,No posee,0,EL CANDDYL DE LA RONDA__106,FALSE,2022,SEGUNDA / 3 TENEDORES,canddyl_de_la_ronda,https://www.instagram.com/canddyl_de_la_ronda/,No tiene,0
EL CHAVO,"PEDRO FERMIN CEVALLOS N10-56 ANTEPARA, Quito, Ecuador",-0.221571621,-78.50742303,respaldo_R_S,0.5769678807139725,FALSE,,0,0,0,0,0,0,0,0,0,Internacional,Internacional,No posee,0,EL CHAVO__107,FALSE,2023,CUARTA / 1 TENEDOR,No tiene,0,No tiene,0
EL CHEF,"GARCÍA MORENO N752 MANABÍ, Quito, Ecuador",-0.221244436,-78.51368897,respaldo_R_S,0.1559828865008141,FALSE,,0,0,0,0,0,0,0,0,0,Desconocido,Otro,No posee,0,EL CHEF__108,FALSE,2023,SEGUNDA / 3 TENEDORES,No tiene,0,No tiene,0
EL CHULLA QUITEÑO,"SUCRE OE6-16 BENALCáZAR, Quito, Ecuador",-0.220497055,-78.51416147,respaldo_R_S,0.1847459569131474,FALSE,,0,0,0,0,0,0,0,0,0,Tradicional,Tradicional,No posee,0,EL CHULLA QUITEÑO__109,FALSE,2010,SEGUNDA / 3 TENEDORES,No tiene,0,No tiene,0
EL CHULLA Y LOS CHAGRAS,"MONTÚFAR N2-26 sucre, Quito, Ecuador",-0.224099,-78.5145201,primaria_C_D,0.45892051857236366,TRUE,4.3,105,4.663439094112067,0,0,0,0,0,0,0,Desconocido,Otro,No posee,0,EL CHULLA Y LOS CHAGRAS__110,FALSE,2024,SEGUNDA / 3 TENEDORES,No tiene,0,No tiene,0
EL DESCANSO DE LA MONTÚFAR,"OLMEDO OE2-18 Flores, Quito, Ecuador",-0.219756271,-78.50905255,respaldo_R_S,0.39215518369562724,FALSE,,0,0,0,0,0,0,0,0,0,Desconocido,Otro,No posee,0,EL DESCANSO DE LA MONTÚFAR__111,FALSE,2012,SEGUNDA / 3 TENEDORES,No tiene,0,No tiene,0
EL FLACO DE LOJA,"Venezuela N7-67, N7-67, 170401 Quito",-0.21828198,-78.51005005,primaria_C_D,0.36747828354041817,TRUE,5,2,1.0986122886681098,0,0,0,0,0,0,0,Comida Ecuatoriana,Comida Ecuatoriana,No posee,0,EL FLACO DE LOJA__112,FALSE,2020,SEGUNDA / 3 TENEDORES,No tiene,0,No tiene,0
EL GOCHO BURGUER,"GARCIA MORENO N284 SUCRE, Quito, Ecuador",-0.2188216,-78.5135489,primaria_C_D,0.2200761268535885,TRUE,4,2,1.0986122886681098,1,82,4.418840607796598,1,1685,7.430114138561801,6501,Fast Food,Fast Food,No posee,0,EL GOCHO BURGUER__113,FALSE,2025,CUARTA / 1 TENEDOR,el.gochoburger,https://www.instagram.com/el.gochoburger/,@elgocho.burger,https://www.tiktok.com/@elgocho.burger
EL GRAN POLLO EL SEVILLANITO"","SUCRE E3-277 AV. PICHINCHA, Quito, Ecuador",-0.227047,-78.50793684,respaldo_R_S,0.8873697959132996,FALSE,,0,0,0,0,0,0,0,0,0,Desconocido,Otro,No posee,0,EL GRAN POLLO EL SEVILLANITO""__114,FALSE,2012,CUARTA / 1 TENEDOR,No tiene,0,No tiene,0
EL HORNO DE LEÑA DE LA RONDA,"INCLANA N4-281 AV PICHINCHA, Quito, Ecuador",-0.2251296,-78.5135886,primaria_C_D,0.5288277827407089,TRUE,4.5,261,5.568344503761097,0,0,0,0,0,0,0,Desconocido,Otro,No posee,0,EL HORNO DE LEÑA DE LA RONDA__115,FALSE,2024,SEGUNDA / 3 TENEDORES,No tiene,0,No tiene,0
EL HUERTO,"Inclana E2-80 AV. Pichincha, Quito, Ecuador",-0.222332496,-78.51394296,respaldo_R_S,0.25935234118498984,TRUE,4,6,1.9459101490553132,0,0,0,0,0,0,0,Saludable,Saludable,No posee,0,EL HUERTO__116,FALSE,2019,SEGUNDA / 3 TENEDORES,No tiene,0,No tiene,0
EL HUEVOTOTOTE,"av. GUAYAQUIL N5-31 CHILE , Quito, Ecuador",-0.2247811,-78.5154068,respaldo_R_S,0.5753966884931357,FALSE,,0,0,0,0,0,0,0,0,0,Fast Food,Fast Food,No posee,0,EL HUEVOTOTOTE__117,FALSE,2024,CUARTA / 1 TENEDOR,No tiene,0,No tiene,0
EL JAVI,"MORALES OE1-11 MALDONADO, Quito, Ecuador",-0.225592389,-78.51334977,respaldo_R_S,0.5740773826203277,FALSE,,0,0,0,0,0,0,0,0,0,Cafetería,Cafetería,No posee,0,EL JAVI__118,FALSE,2015,SEGUNDA / 3 TENEDORES,No tiene,0,No tiene,0
EL KON-CH-RITO,"av. Pichincha N4-391 Chile, Quito, Ecuador",-0.2208487,-78.5171516,primaria_C_D,0.5186817633258679,TRUE,4.9,50,3.9318256327243257,0,0,0,0,0,0,0,Desconocido,Otro,No posee,0,EL KON-CH-RITO__119,FALSE,2018,SEGUNDA / 3 TENEDORES,No tiene,0,No tiene,0
EL LEGÍTIMO MAMA MICHE DE LA MARIN,"FLORES N7-54 MANABÍ, Quito, Ecuador",-0.2233244,-78.5083584,primaria_C_D,0.5574163921046059,TRUE,4.7,46,3.8501476017100584,1,392,5.973809611869261,1,3872,8.261784679514752,14300,Tradicional,Tradicional,Franquicia,1,EL LEGÍTIMO MAMA MICHE DE LA MARIN,FALSE,2012,CUARTA / 1 TENEDOR,mamamiche.quito,https://www.instagram.com/mamamiche.quito/,@mamamichedesde1940,https://www.tiktok.com/@mamamichedesde1940
EL MESON DE LA RECOLETA ,"EJE LONG. JUAN PIO MONTUFAR N5-6C MEJIA, Quito, Ecuador",-0.2309051,-78.5137749,primaria_C_D,1.1656466668936436,TRUE,4.3,92,4.532599493153256,0,0,0,0,0,0,0,Desconocido,Otro,No posee,0,EL MESON DE LA RECOLETA __121,FALSE,2023,SEGUNDA / 3 TENEDORES,No tiene,0,No tiene,0
EL MOLINO DE  LA  OLMEDO,"Olmedo Oe4-12 Venezuela, Quito, Ecuador",-0.221225993,-78.50958472,primaria_C_D,0.3340625209281684,TRUE,4.2,5,1.791759469228055,0,0,0,0,0,0,0,Tradicional,Tradicional,No posee,0,EL MOLINO DE  LA  OLMEDO__122,FALSE,2022,SEGUNDA / 3 TENEDORES,No tiene,0,No tiene,0
EL MONARCA POLLOS AL VINO,"MORALES OE3-24 GUAYAQUIL, Quito, Ecuador",-0.224323142,-78.51384108,respaldo_R_S,0.45050941478304557,TRUE,4.6,5,1.791759469228055,1,242,5.493061443340548,1,323,5.780743515792329,1907,Fast Food,Fast Food,No posee,0,EL MONARCA POLLOS AL VINO__123,FALSE,2024,SEGUNDA / 3 TENEDORES,elmonarcapollosalvino,https://www.instagram.com/elmonarcapollosalvino/,@monarca.polloalvino,https://www.tiktok.com/@monarca.polloalvino
EL MONASTERIO FRUTAS Y ALGO MAS,"OE1 MONTUFAR N5-46 MEJIA PB LA MARIN, Quito, Ecuador",-0.218313442,-78.51129276,primaria_C_D,0.277730180244463,TRUE,0,0,0,0,0,0,0,0,0,0,Tradicional,Tradicional,No posee,0,EL MONASTERIO FRUTAS Y ALGO MAS__124,FALSE,2019,SEGUNDA / 3 TENEDORES,No tiene,0,No tiene,0
EL MONO ABRIL,"Sucre OE1-50 Pasaje OE1A, Quito, Ecuador",-0.221446456,-78.51342569,respaldo_R_S,0.14720915675384125,FALSE,,0,0,0,0,0,0,0,0,0,Comida Ecuatoriana,Comida Ecuatoriana,No posee,0,EL MONO ABRIL__125,FALSE,2024,CUARTA / 1 TENEDOR,No tiene,0,No tiene,0
EL PADRE ALMEIDA GRILL RESTAURANTE & EVENTOS,"C. de la Rda. 730, 170130 Quito",-0.225253829,-78.51349856,primaria_C_D,0.5401372639062413,TRUE,4.5,16,2.833213344056216,0,0,0,0,0,0,0,Tradicional,Tradicional,No posee,0,EL PADRE ALMEIDA GRILL RESTAURANTE & EVENTOS__126,FALSE,2018,SEGUNDA / 3 TENEDORES,No tiene,0,No tiene,0
EL PARAÍSO QUITEÑO,"Mejía Oe6-50 Cuenca, Quito, Ecuador",-0.217513883,-78.51352412,respaldo_R_S,0.35102569124064353,FALSE,,0,0,0,0,0,0,0,0,0,Tradicional,Tradicional,No posee,0,EL PARAÍSO QUITEÑO__127,FALSE,2022,SEGUNDA / 3 TENEDORES,No tiene,0,No tiene,0
EL PATIO BISTRO,"QFMM+6Q9, Chile y Chimborazo &, 170401 Quito",-0.2170363,-78.51546013,primaria_C_D,0.5066324397009032,TRUE,4.5,232,5.4510384535657,1,1156,7.053585727193677,1,552,6.315358001522335,5604,Nuevo Tradicional,Nuevo Tradicional,No posee,0,EL PATIO BISTRO__128,FALSE,2011,SEGUNDA / 3 TENEDORES,elpatiobistrouio,https://www.instagram.com/elpatiobistrouio/,@elpatiobistrouio,https://www.tiktok.com/@elpatiobistrouio
EL PATIO SEVILLANO ,"OE5 GARCIA MORENO N1-10 ROCAFUERTE, Quito, Ecuador",-0.2177572,-78.5105849,primaria_C_D,0.37197164799593885,TRUE,4.3,1266,7.144407180321139,0,0,0,0,0,0,0,Desconocido,Otro,No posee,0,EL PATIO SEVILLANO __129,FALSE,2012,SEGUNDA / 3 TENEDORES,No tiene,0,No tiene,0
EL POLLO PACHANGUERO,"JUAN DE DIOS MORALES Oe1-65 MALDONADO, Quito, Ecuador",-0.2195296,-78.5089324,respaldo_R_S,0.4111094377289189,FALSE,,0,0,0,0,0,0,0,0,0,Fast Food,Fast Food,No posee,0,EL POLLO PACHANGUERO__130,FALSE,2008,SEGUNDA / 3 TENEDORES,No tiene,0,No tiene,0
EL RINCÓN DE LA GUATITA,"OE4 VENEZUELA N1-21 ROCAFUERTE, Quito, Ecuador",-0.224007529,-78.51120966,primaria_C_D,0.4155732720239876,TRUE,0,0,0,0,0,0,0,0,0,0,Tradicional,Tradicional,No posee,0,EL RINCÓN DE LA GUATITA__131,FALSE,2022,SEGUNDA / 3 TENEDORES,No tiene,0,No tiene,0
EL RINCON DE LA LOMA GRANDE,"FLORES N7-31 OLMEDO, Quito, Ecuador",-0.2269925,-78.5114245,primaria_C_D,0.7317710907407515,TRUE,4.7,54,4.007333185232471,1,612,6.418364935936212,1,1063,6.96979066990159,10100,Catering,Catering,No posee,0,EL RINCON DE LA LOMA GRANDE__132,FALSE,2024,SEGUNDA / 3 TENEDORES,rinconlalomagrande,https://www.instagram.com/rinconlalomagrande/,@rinconlalomagrande,https://www.tiktok.com/@rinconlalomagrande
EL RINCON DE LAS DELICIAS,"Juan de Dios Morales Oe1-123 Guayaquil, Quito, Ecuador",-0.2212405,-78.5089523,primaria_C_D,0.4029850267264173,TRUE,4.7,397,5.986452005284438,0,0,0,0,0,0,0,Tradicional,Tradicional,No posee,0,EL RINCON DE LAS DELICIAS__133,FALSE,2024,SEGUNDA / 3 TENEDORES,No tiene,0,No tiene,0
EL RINCON MANABITA LEYDI,"SUCRE 350 GARCIA MORENO, Quito, Ecuador",-0.2225128,-78.5172486,primaria_C_D,0.5734923889625826,TRUE,5,9,2.302585092994046,0,0,0,0,0,0,0,Comida Ecuatoriana,Comida Ecuatoriana,No posee,0,EL RINCON MANABITA LEYDI__134,FALSE,2022,SEGUNDA / 3 TENEDORES,No tiene,0,No tiene,0
EL RINCON VENEZOLANO,"JOSE MEJIA LEQUERICA OE4-51 VENEZUELA, Quito, Ecuador",-0.226369,-78.5115053,primaria_C_D,0.6619094491139889,TRUE,4.4,113,4.736198448394496,0,0,0,0,0,0,0,Internacional,Internacional,No posee,0,EL RINCON VENEZOLANO__135,FALSE,2025,CUARTA / 1 TENEDOR,No tiene,0,No tiene,0
EL RINCONCITO DE MARGARITA,"OE3 GUAYAQUIL N9-38 y N9 ESMERALDAS, Quito, Ecuador",-0.2233818,-78.5080473,respaldo_R_S,0.589763163644173,FALSE,,0,0,0,0,0,0,0,0,0,Desconocido,Otro,No posee,0,EL RINCONCITO DE MARGARITA__136,FALSE,2024,CUARTA / 1 TENEDOR,No tiene,0,No tiene,0
EL SABOR DE LILI,"CARABOBO OE8-91 CHIMBORAZO, Quito, Ecuador",-0.222947639,-78.52040294,respaldo_R_S,0.9199420588933016,FALSE,,0,0,0,0,0,0,0,0,0,Desconocido,Otro,No posee,0,EL SABOR DE LILI__137,FALSE,2023,SEGUNDA / 3 TENEDORES,No tiene,0,No tiene,0
EL SABOR DE LOS CARMELOS,"MONTUFAR N5-80 MEJIA, Quito, Ecuador",-0.223668271,-78.50805399,primaria_C_D,0.6070535161541425,TRUE,0,0,0,0,0,0,0,0,0,0,Tradicional,Tradicional,No posee,0,EL SABOR DE LOS CARMELOS__138,FALSE,2012,CUARTA / 1 TENEDOR,No tiene,0,No tiene,0
EL SAZON DE MECHE,"OE9 CHIMBORAZO S4-71 S4B ABDON CALDERON, Quito, Ecuador",-0.2264665,-78.5068071,primaria_C_D,0.9169890352168933,TRUE,4.3,110,4.709530201312334,0,0,0,0,0,0,0,Tradicional,Tradicional,No posee,0,EL SAZON DE MECHE__139,FALSE,2023,CUARTA / 1 TENEDOR,No tiene,0,No tiene,0
EL SUCO ,"Manabi Oe1-18, 170401 Quito",-0.219645649,-78.50795756,primaria_C_D,0.513948825472218,TRUE,5,4,1.6094379124341003,0,0,0,0,0,0,0,Tradicional,Tradicional,No posee,0,EL SUCO __140,FALSE,2021,SEGUNDA / 3 TENEDORES,No tiene,0,No tiene,0
EL TERRUÑO ,"Montúfar N5-61 Mejía, Quito, Ecuador",-0.2179481,-78.511566,primaria_C_D,0.3021667012120699,TRUE,5,11,2.4849066497880004,0,0,0,0,0,0,0,Desconocido,Otro,No posee,0,EL TERRUÑO __141,FALSE,2020,SEGUNDA / 3 TENEDORES,No tiene,0,No tiene,0
EL VIEJO FAROL DE LA RONDA,"Juan de Dios Morales y Av. Pedro Vicente Maldonado Oe1-65 y, 170402 Quito",-0.2266048,-78.51307645,respaldo_R_S,0.6818422905971611,FALSE,,0,0,0,0,0,0,0,0,0,Tradicional,Tradicional,No posee,0,EL VIEJO FAROL DE LA RONDA__142,FALSE,2011,SEGUNDA / 3 TENEDORES,No tiene,0,No tiene,0
ELE MARTHY,"CHILE E1-48 AV PICHINCHA, Quito, Ecuador",-0.2173719,-78.5052486,primaria_C_D,0.8781375575157994,TRUE,4.4,25,3.258096538021482,1,419,6.040254711277414,1,28,3.367295829986474,53,Nuevo Tradicional,Nuevo Tradicional,No posee,0,ELE MARTHY__143,FALSE,2023,CUARTA / 1 TENEDOR,elemarthy,https://www.instagram.com/elemarthy/,@elemarthy,https://www.tiktok.com/@elemarthy
ENTRE VICHES Y CEVICHES,"N11 JOSE ANTEPARA E362 E4 VICENTE LEON, Quito, Ecuador",-0.2179691,-78.5119429,respaldo_R_S,0.2881603314009183,FALSE,,0,0,0,0,0,0,0,0,0,Comida Ecuatoriana,Comida Ecuatoriana,No posee,0,ENTRE VICHES Y CEVICHES__144,FALSE,2024,SEGUNDA / 3 TENEDORES,No tiene,0,No tiene,0
EXQUISITA LA MEJOR COMIDA TÍPICA,"CHILE OE1-35 MONTÚFAR, Quito, Ecuador",-0.217629675,-78.50514424,primaria_C_D,0.8779836199697605,TRUE,4.5,489,6.194405391104672,1,893,6.795705775173514,0,0,0,0,Tradicional,Tradicional,No posee,0,EXQUISITA LA MEJOR COMIDA TÍPICA__145,FALSE,2023,CUARTA / 1 TENEDOR,la_exquisita_oficial,https://www.instagram.com/la_exquisita_oficial/,No tiene,0
EXQUISITAS FRITADAS Y CEVICHOCHOS CHAVELITA,"Guayaquil N5-59 Mejía, Quito, Ecuador",-0.2179953,-78.5071954,primaria_C_D,0.6522877812615354,TRUE,4.6,85,4.454347296253507,0,0,0,0,0,0,0,Tradicional,Tradicional,No posee,0,EXQUISITAS FRITADAS Y CEVICHOCHOS CHAVELITA__146,FALSE,2021,SEGUNDA / 3 TENEDORES,No tiene,0,No tiene,0
FABIOLITA,"OLMEDO  OE1-86 FLORES, Quito, Ecuador",-0.2206553,-78.5120074,primaria_C_D,0.05743185707366553,TRUE,4.3,261,5.568344503761097,1,1064,6.970730078143525,0,0,0,0,Tradicional,Tradicional,No posee,0,FABIOLITA__147,FALSE,2008,SEGUNDA / 3 TENEDORES,fabiolita1965,https://www.instagram.com/fabiolita1965/,No tiene,0
FAMILIA DEL MAR,"La Marín y Calle Juan Pio Montúfar N5-61, 170206 Quito",-0.220898529,-78.5085806,primaria_C_D,0.4380613545747636,TRUE,4.6,9,2.302585092994046,0,0,0,0,0,0,0,Desconocido,Otro,No posee,0,FAMILIA DEL MAR__148,FALSE,2014,SEGUNDA / 3 TENEDORES,No tiene,0,No tiene,0
FIRE MUSIC,"MORALES OE3-68 GUAYAQUIL, Quito, Ecuador",-0.226096665,-78.51369846,respaldo_R_S,0.6364289363003264,FALSE,,0,0,0,0,0,0,0,0,0,Desconocido,Otro,No posee,0,FIRE MUSIC__149,FALSE,2018,SEGUNDA / 3 TENEDORES,No tiene,0,No tiene,0
FOOD DRINK LA GUARAGUA ,"SC MONTUFAR N5-34 N5 CHILE, Quito, Ecuador",-0.2162962,-78.5080745,primaria_C_D,0.6787145597599828,TRUE,5,3,1.3862943611198906,0,0,0,0,0,0,0,Fast Food,Fast Food,No posee,0,FOOD DRINK LA GUARAGUA __150,FALSE,2019,SEGUNDA / 3 TENEDORES,No tiene,0,No tiene,0
FRUTERIA MONSERRATE,"N11B CALDAS E1-19 AV. 10 DE AGOSTO, Quito, Ecuador",-0.221548,-78.5105657,primaria_C_D,0.24462289498700976,TRUE,4.2,447,6.104793232414985,1,11700,9.367429587218957,1,5732,8.653994232908383,15500,Cafetería,Cafetería,Franquicia,1,FRUTERIA MONSERRATE,FALSE,2020,SEGUNDA / 3 TENEDORES,fruteriamonserrate.uio,https://www.instagram.com/fruteriamonserrate.uio/,@fruteriamonserrate.uio,https://www.tiktok.com/@fruteriamonserrate.uio
GOLOSINAS DEL CARMEN BAJO,"JUNIN E1-44 MONTUFAR, Quito, Ecuador",-0.2192394,-78.509747,primaria_C_D,0.3366840215132338,TRUE,4.8,18,2.9444389791664403,0,0,0,0,0,0,0,Tradicional,Tradicional,No posee,0,GOLOSINAS DEL CARMEN BAJO__152,FALSE,2021,SEGUNDA / 3 TENEDORES,No tiene,0,No tiene,0
GUATITAS DE LA MARIN,"BARAHONA S4-42 AMBATO, Quito, Ecuador",-0.2199702,-78.5183562,primaria_C_D,0.6538342980659656,TRUE,4,80,4.394449154672439,0,0,0,0,0,0,0,Tradicional,Tradicional,No posee,0,GUATITAS DE LA MARIN__153,FALSE,2023,SEGUNDA / 3 TENEDORES,No tiene,0,No tiene,0
GUS,"AV PICHINCHA N3-153 CONCEPCION, Quito, Ecuador",-0.2190973,-78.5130381,primaria_C_D,0.16705588574757785,TRUE,3.8,669,6.507277712385012,1,23100,10.047631185616188,1,22700,10.030164255362632,29000,Fast Food,Fast Food,Franquicia,1,GUS,FALSE,2008,SEGUNDA / 3 TENEDORES,pollogusec,https://www.instagram.com/pollogusec/,@pollogusec,https://www.tiktok.com/@pollogusec
HAPPY FOOD,"CHILE OE4-56 VENEZUELA, Quito, Ecuador",-0.2178802,-78.5070442,primaria_C_D,0.6729697571895931,TRUE,4.2,138,4.9344739331306915,1,943,6.8501261661455,1,3148,8.054840221101024,9675,Comida Ecuatoriana,Comida Ecuatoriana,No posee,0,HAPPY FOOD__155,FALSE,2022,SEGUNDA / 3 TENEDORES,happyfoodalobestia,https://www.instagram.com/happyfoodalobestia/,@happyfoodalobestia,https://www.tiktok.com/@happyfoodalobestia
HAPPY ROCK,"S1C MORALES OE1-113 E3 GUAYAQUIL, Quito, Ecuador",-0.224376786,-78.51381962,respaldo_R_S,0.45536787129768114,FALSE,,0,0,0,0,0,0,0,0,0,Desconocido,Otro,No posee,0,HAPPY ROCK__156,FALSE,2018,SEGUNDA / 3 TENEDORES,No tiene,0,No tiene,0
HELADERÍA CARIBE,"VICENTE ROCAFUERTE E2 32 BALTAZAR PONTÓN, Quito, Ecuador",-0.222601,-78.513673,primaria_C_D,0.2675644180362415,TRUE,4.4,1368,7.221835825288449,1,1111,7.013915474810528,1,63,4.1588830833596715,70,Tradicional,Tradicional,No posee,0,HELADERÍA CARIBE__157,FALSE,2018,SEGUNDA / 3 TENEDORES,heladeriacaribequito,https://www.instagram.com/heladeriacaribequito/,@heladeria.caribe.ecuador,https://www.tiktok.com/@heladeria.caribe.ecuador
HELADERÍA SAN AGUSTÍN,"INCLANA E3273 SILVA, Quito, Ecuador",-0.2208913,-78.5088023,primaria_C_D,0.41345823731770953,TRUE,4.7,2038,7.620214770574455,1,5852,8.67470962929122,1,2214,7.703007682479236,10300,Tradicional,Tradicional,No posee,0,HELADERÍA SAN AGUSTÍN__158,FALSE,2014,SEGUNDA / 3 TENEDORES,heladeriasanagustin,https://www.instagram.com/heladeriasanagustin/,@heladeriasanagustin,https://www.tiktok.com/@heladeriasanagustin
HUECA DE DOÑA ROSITA CHANGO,"ROCAFUERTE E1-58 S/N, Quito, Ecuador",-0.2248502,-78.5116781,primaria_C_D,0.4922777789258426,TRUE,5,1,0.6931471805599453,0,0,0,0,0,0,0,Tradicional,Tradicional,No posee,0,HUECA DE DOÑA ROSITA CHANGO__159,FALSE,2023,SEGUNDA / 3 TENEDORES,No tiene,0,No tiene,0
INES,"Junín y Juan Pío Montúfar E1-44 y, 170401 Quito",-0.223121922,-78.51008461,primaria_C_D,0.39639855036656624,TRUE,4.5,37,3.6375861597263857,1,6214,8.734721003944811,0,0,0,0,Nuevo Tradicional,Nuevo Tradicional,No posee,0,INES__160,FALSE,2022,PRIMERA / 4 TENEDORES,ines.restaurante,https://www.instagram.com/ines.restaurante/,No tiene,0
J M N,"JOSÉ DE ANTEPARA e4-50 los ríos, Quito, Ecuador",-0.218923928,-78.50462596,respaldo_R_S,0.8929139351385174,FALSE,,0,0,0,0,0,0,0,0,0,Desconocido,Otro,No posee,0,J M N__161,FALSE,2023,CUARTA / 1 TENEDOR,No tiene,0,No tiene,0
JANETH ,"IMBABURA S1-41 ROCAFUERTE, Quito, Ecuador",-0.220853968,-78.5174506,respaldo_R_S,0.5518828380299796,FALSE,,0,0,0,0,0,0,0,0,0,Desconocido,Otro,No posee,0,JANETH __162,FALSE,2024,LUJO / 5 TENEDORES,No tiene,0,No tiene,0
JD LA NUEVA SAZON COSTEÑA,"CHILE OE1-101 FLORES, Quito, Ecuador",-0.2310615,-78.5135422,respaldo_R_S,1.1800891108655558,FALSE,,0,0,0,0,0,0,0,0,0,Comida Ecuatoriana,Comida Ecuatoriana,No posee,0,JD LA NUEVA SAZON COSTEÑA__163,FALSE,2024,CUARTA / 1 TENEDOR,No tiene,0,No tiene,0
JOHA,"JUNÍN E3-43 MATTHIAS ABRAM, Quito, Ecuador",-0.2239027,-78.50891948,respaldo_R_S,0.5492432621295654,FALSE,,0,0,0,0,0,0,0,0,0,Desconocido,Otro,No posee,0,JOHA__164,FALSE,2024,SEGUNDA / 3 TENEDORES,No tiene,0,No tiene,0
JUAN FOGONERO,"S1C MORALES OE1-113 OE3 GUAYAQUIL, Quito, Ecuador",-0.2179924,-78.5097485,primaria_C_D,0.41394839805434286,TRUE,4.6,250,5.5254529391317835,0,0,0,0,0,0,0,Parrilla,Parrilla,No posee,0,JUAN FOGONERO__165,FALSE,2021,PRIMERA / 4 TENEDORES,No tiene,0,No tiene,0
JUGUERIA DON JULIO,"MORALES OE3111 VENEZUELA, Quito, Ecuador",-0.223816066,-78.51464628,respaldo_R_S,0.43922337066159706,FALSE,,0,0,0,0,0,0,0,0,0,Desconocido,Otro,No posee,0,JUGUERIA DON JULIO__166,FALSE,2024,SEGUNDA / 3 TENEDORES,No tiene,0,No tiene,0
JUGUERÍA FIGUEROA HEREDIA,"VENEZUELA S1-28 ROCAFUERTE, Quito, Ecuador",-0.2207746,-78.5173075,primaria_C_D,0.5354369832950349,TRUE,0,0,0,0,0,0,0,0,0,0,Tradicional,Tradicional,No posee,0,JUGUERÍA FIGUEROA HEREDIA__167,FALSE,2013,SEGUNDA / 3 TENEDORES,No tiene,0,No tiene,0
JUMANDY ORGANIC GARDEN,"MORALES OE1-09 MALDONADO, Quito, Ecuador",-0.2180569,-78.5053732,primaria_C_D,0.8377286735027936,TRUE,4.7,853,6.74993119378857,1,18600,9.83097062169695,1,18900,9.846970109700957,1200000,Saludable,Saludable,No posee,0,JUMANDY ORGANIC GARDEN__168,FALSE,2024,TERCERA / 2 TENEDORES,jumandy_ec,https://www.instagram.com/jumandy_ec/,@jumandy.ec,https://www.tiktok.com/@jumandy.ec
K-FETIN,"AVENIDA 24 DE MAYO OE7-44 IMBABURA, Quito, Ecuador",-0.2224338,-78.5188019,primaria_C_D,0.732984041160029,TRUE,4.4,5,1.791759469228055,0,0,0,0,0,0,0,Cafetería,Cafetería,No posee,0,K-FETIN__169,FALSE,2019,SEGUNDA / 3 TENEDORES,No tiene,0,No tiene,0
KAYPI,"MORALES OE1-84 AV. MALDONADO, Quito, Ecuador",-0.2167833,-78.5087661,primaria_C_D,0.5858154101077433,TRUE,4.6,40,3.713572066704308,1,217,5.384495062789089,0,0,0,0,Desconocido,Otro,No posee,0,KAYPI__170,FALSE,2011,SEGUNDA / 3 TENEDORES,kaypi_past_rest,https://www.instagram.com/kaypi_past_rest/,No tiene,0
KD RESTAURANTE,"GUAYAQUIL N837 MANABI, Quito, Ecuador",-0.2166578,-78.50456,respaldo_R_S,0.9808198301364016,FALSE,,0,0,0,0,0,0,0,0,0,Desconocido,Otro,No posee,0,KD RESTAURANTE__171,FALSE,2025,CUARTA / 1 TENEDOR,No tiene,0,No tiene,0
KFC,"N6 DON BOSCO E4-29 VICENTE LEON, Quito, Ecuador",-0.2183534,-78.5080963,primaria_C_D,0.5447437166505293,TRUE,4,1016,6.92461239604856,1,348000,12.759960632315702,1,3600000,15.096444681204078,64200000,Fast Food,Fast Food,Franquicia,1,KFC,FALSE,2008,SEGUNDA / 3 TENEDORES,kfcecuador,https://www.instagram.com/kfcecuador/,@kfcecuador,https://www.tiktok.com/@kfcecuador
KFC,"OLMEDO OE5-15 GARCíA MORENO , Quito, Ecuador",-0.2204288,-78.5142519,primaria_C_D,0.19496176603088808,TRUE,4.3,218,5.389071729816501,1,348000,12.759960632315702,1,3600000,15.096444681204078,64200000,Fast Food,Fast Food,Franquicia,1,KFC,TRUE,2008,SEGUNDA / 3 TENEDORES,kfcecuador,https://www.instagram.com/kfcecuador/,@kfcecuador,https://www.tiktok.com/@kfcecuador
KOCINA MIA RESTAURANT & CAFETERIA,"OE5 garcía moreno N3-60 N3 SUCRE, Quito, Ecuador",-0.2179953,-78.5071954,respaldo_R_S,0.6522877812615354,FALSE,,0,0,0,0,0,0,0,0,0,Desconocido,Otro,No posee,0,KOCINA MIA RESTAURANT & CAFETERIA__174,FALSE,2024,SEGUNDA / 3 TENEDORES,No tiene,0,No tiene,0
LA ANTORCHA COLONIAL,"C. de la Rda. 730, 170130 Quito",-0.225275286,-78.5134771,primaria_C_D,0.5419890570225766,TRUE,5,1,0.6931471805599453,0,0,0,0,0,0,0,Bar,Bar,No posee,0,LA ANTORCHA COLONIAL__175,FALSE,2022,SEGUNDA / 3 TENEDORES,No tiene,0,No tiene,0
LA BODEGA DE CANTUÑA,"OE6A CUENCA S/N SUCRE, Quito, Ecuador",-0.2203543,-78.5148884,primaria_C_D,0.2660697015301249,TRUE,4.1,296,5.6937321388027,1,1251,7.132497551660044,1,289,5.66988092298052,5581,Tradicional,Tradicional,No posee,0,LA BODEGA DE CANTUÑA__176,FALSE,2021,PRIMERA / 4 TENEDORES,labodegadecantuna,https://www.instagram.com/labodegadecantuna/,@labodegadecantuna,https://www.tiktok.com/@labodegadecantuna
LA CAPILLA,"BENALCAZAR N4-65 CHILE, Quito, Ecuador",-0.2208663,-78.5144942,primaria_C_D,0.2254530357969449,TRUE,4.2,826,6.717804695023691,1,7356,8.903407519932264,1,2482,7.817222785508166,14500,Nuevo Tradicional,Nuevo Tradicional,No posee,0,LA CAPILLA__177,FALSE,2022,PRIMERA / 4 TENEDORES,lacapilla.restaurant,https://www.instagram.com/lacapilla.restaurant/,@capillarestaurante,https://www.tiktok.com/@capillarestaurante
LA CAPONATA,"VENEZUELA N2-37 SUCRE, Quito, Ecuador",-0.2177572,-78.5105849,primaria_C_D,0.37197164799593885,TRUE,4.6,716,6.57507584059962,1,10200,9.23024103368252,0,0,0,0,Internacional,Internacional,No posee,0,LA CAPONATA__178,FALSE,2024,PRIMERA / 4 TENEDORES,lacaponataquito,https://www.instagram.com/lacaponataquito/,No tiene,0
LA CASA DE LA COMIDA CHINA 3,"BenalcÁzar  s1-99 Av. 24 de Mayo , Quito, Ecuador",-0.2243031,-78.5127512,primaria_C_D,0.42380688672641553,TRUE,4.2,1364,7.21890970761906,0,0,0,0,0,0,0,Internacional,Internacional,No posee,0,LA CASA DE LA COMIDA CHINA 3__179,FALSE,2023,PRIMERA / 4 TENEDORES,No tiene,0,No tiene,0
LA CASA DEL CODORNIZ,"OE5 GARCíA MORENO N7-68 N8 MANABí, Quito, Ecuador",-0.220233641,-78.5223111,respaldo_R_S,1.0913384472828624,FALSE,,0,0,0,0,0,0,0,0,0,Desconocido,Otro,No posee,0,LA CASA DEL CODORNIZ__180,FALSE,2024,CUARTA / 1 TENEDOR,No tiene,0,No tiene,0
LA CASA DEL POZO DE LA ÑAÑA MAÑA,"JOSE DE ANTEPARA E1-08 PEDRO FERMIN CEVALLOS, Quito, Ecuador",-0.2226593,-78.5135527,primaria_C_D,0.26711644206457424,TRUE,3.4,94,4.553876891600541,0,0,0,0,0,0,0,Desconocido,Otro,No posee,0,LA CASA DEL POZO DE LA ÑAÑA MAÑA__181,FALSE,2018,SEGUNDA / 3 TENEDORES,No tiene,0,No tiene,0
LA CHACOTTA PIZZA Y VINO,"OE6B BENALCáZAR N6-54 N7 OLMEDO, Quito, Ecuador",-0.2175875,-78.5105599,primaria_C_D,0.3891280597010407,TRUE,4,277,5.627621113690637,1,4622,8.438799123988225,1,984,6.892641641172089,1451,Internacional,Internacional,No posee,0,LA CHACOTTA PIZZA Y VINO__182,FALSE,2023,SEGUNDA / 3 TENEDORES,lachacotta,https://www.instagram.com/lachacotta/,@lachacotta,https://www.tiktok.com/@lachacotta
LA COCINA DE MAGUS,"OE6 BENALCAZAR N6-37 N7 OLMEDO, Quito, Ecuador",-0.217513257,-78.51161062,respaldo_R_S,0.34652198232522374,FALSE,,0,0,0,0,0,0,0,0,0,Desconocido,Otro,No posee,0,LA COCINA DE MAGUS__183,FALSE,2020,SEGUNDA / 3 TENEDORES,No tiene,0,No tiene,0
LA COCINA QUITEÑA,"MONTUFAR N1-26 VICENTE ROCAFUERTE, Quito, Ecuador",-0.2179886,-78.5073285,primaria_C_D,0.6392610800894688,TRUE,4.5,11,2.4849066497880004,0,0,0,0,0,0,0,Tradicional,Tradicional,No posee,0,LA COCINA QUITEÑA__184,FALSE,2008,CUARTA / 1 TENEDOR,No tiene,0,No tiene,0
LA COLMENA,"OE5 GARCIA MORENO N7-78 N8 MANABI, Quito, Ecuador",-0.2197676,-78.5136307,primaria_C_D,0.14979873217227374,TRUE,3.2,14,2.70805020110221,0,0,0,0,0,0,0,Tradicional,Tradicional,No posee,0,LA COLMENA__185,FALSE,2015,SEGUNDA / 3 TENEDORES,No tiene,0,No tiene,0
LA CRUZ VERDE FAST FOOD,"JUAN P MONTUFAR N7-46 MANABI, Quito, Ecuador",-0.2208133,-78.51743393,primaria_C_D,0.5497288817975364,TRUE,0,0,0,0,0,0,0,0,0,0,Fast Food,Fast Food,No posee,0,LA CRUZ VERDE FAST FOOD__186,FALSE,2023,SEGUNDA / 3 TENEDORES,No tiene,0,No tiene,0
LA CUCHARA DE CHOCOLATE,"N2 BOLIVAR OE6-15 OE6 BENALCAZAR, Quito, Ecuador",-0.2226664,-78.5106113,primaria_C_D,0.31958480645711557,TRUE,5,1,0.6931471805599453,0,0,0,0,0,0,0,Desconocido,Otro,No posee,0,LA CUCHARA DE CHOCOLATE__187,FALSE,2012,TERCERA / 2 TENEDORES,No tiene,0,No tiene,0
LA CUCHARA VERDE,"OE8 IMBABURA OE6-225 AMBATO, Quito, Ecuador",-0.2225096,-78.5122681,primaria_C_D,0.22494019006378038,TRUE,4.5,151,5.0238805208462765,0,0,0,0,0,0,0,Desconocido,Otro,No posee,0,LA CUCHARA VERDE__188,FALSE,2021,SEGUNDA / 3 TENEDORES,No tiene,0,No tiene,0
LA CUESTA ,"DON BOSCO E3-161 LEON, Quito, Ecuador",-0.2185974,-78.5104506,primaria_C_D,0.31094574120240714,TRUE,4.6,36,3.6109179126442243,0,0,0,0,0,0,0,Desconocido,Otro,No posee,0,LA CUESTA __189,FALSE,2012,SEGUNDA / 3 TENEDORES,No tiene,0,No tiene,0
LA GUARAGUA,"Secretaria de Seguridad y Gobernabilidad del MDMQ, Eugenio Espejo 784, 170401 Quito",-0.221204743,-78.5109392,primaria_C_D,0.1904234835218365,TRUE,4.1,67,4.219507705176107,0,0,0,0,0,0,0,Tradicional,Tradicional,No posee,0,LA GUARAGUA__190,FALSE,2012,SEGUNDA / 3 TENEDORES,No tiene,https://www.instagram.com/laguaraguaec/,No tiene,0
LA GUATITA DE LA PAREDES,"OE4 VENEZUELA 631 MEJIA, Quito, Ecuador",-0.2258141,-78.5119672,primaria_C_D,0.5938634693929071,TRUE,4,4,1.6094379124341003,0,0,0,0,0,0,0,Tradicional,Tradicional,No posee,0,LA GUATITA DE LA PAREDES__191,FALSE,2024,CUARTA / 1 TENEDOR,No tiene,0,No tiene,0
LA GUAYAKA,"Juan José Flores &, 170401 Quito",-0.220534329,-78.50915643,primaria_C_D,0.37180486286138803,TRUE,4.7,59,4.0943445622221,1,60,4.110873864173311,1,245,5.5053315359323625,2779,Comida Ecuatoriana,Comida Ecuatoriana,No posee,0,LA GUAYAKA__192,FALSE,2024,SEGUNDA / 3 TENEDORES,laguayaka_,https://www.instagram.com/laguayaka_/,@laguayaka_,https://www.tiktok.com/@laguayaka_
LA HOMILIA,"Chile Oe6-201, 170401 Quito",-0.2181109,-78.51434036,primaria_C_D,0.3353347368269729,TRUE,4.3,335,5.817111159963204,1,1117,7.0192966537150445,0,0,0,0,Comida Ecuatoriana,Comida Ecuatoriana,No posee,0,LA HOMILIA__193,FALSE,2018,SEGUNDA / 3 TENEDORES,lahomiliarestaurant,https://www.instagram.com/lahomiliarestaurant/,No tiene,0
LA HUECA MANABA,"CALDAS E1-38 PEDRO FERMIN CEVALLOS CEVALLOS, Quito, Ecuador",-0.2233812,-78.5141884,primaria_C_D,0.3713305458024728,TRUE,4.8,49,3.912023005428146,0,0,0,0,0,0,0,Comida Ecuatoriana,Comida Ecuatoriana,No posee,0,LA HUECA MANABA__194,FALSE,2021,SEGUNDA / 3 TENEDORES,No tiene,0,No tiene,0
LA HUECA MANABA DE LA RONDA,"Juan de Dios Morales 927 y, 170405 Quito",-0.224267957,-78.51394883,primaria_C_D,0.44888300719047464,TRUE,3.9,7,2.0794415416798357,0,0,0,0,0,0,0,Comida Ecuatoriana,Comida Ecuatoriana,No posee,0,LA HUECA MANABA DE LA RONDA__195,FALSE,2023,SEGUNDA / 3 TENEDORES,No tiene,0,No tiene,0
LA KASKADA RESTAURANTE,"N11B CALDAS E1-31 AV. 10 DE AGOSTO, Quito, Ecuador",-0.2212566,-78.5103259,primaria_C_D,0.2559678259112084,TRUE,4.4,65,4.189654742026425,0,0,0,0,0,0,0,Desconocido,Otro,No posee,0,LA KASKADA RESTAURANTE__196,FALSE,2020,SEGUNDA / 3 TENEDORES,No tiene,0,No tiene,0
LA MERCED ALEJITA,"MARQUESA DE SOLANDA N5-45 DON BOSCO, Quito, Ecuador",-0.222215994,-78.50563874,respaldo_R_S,0.7864305623375626,FALSE,,0,0,0,0,0,0,0,0,0,Desconocido,Otro,No posee,0,LA MERCED ALEJITA__197,FALSE,2012,SEGUNDA / 3 TENEDORES,No tiene,0,No tiene,0
LA OFICINA BREW PUB,"José de Antepara E4-55, 170403 Quito",-0.2187743,-78.5041823,primaria_C_D,0.9445755873276882,TRUE,4.6,566,6.340359303727752,1,19700,9.888424674859083,1,102,4.634728988229636,230,Bar,Bar,No posee,0,LA OFICINA BREW PUB__198,FALSE,2018,TERCERA / 2 TENEDORES,laoficinaquito,https://www.instagram.com/laoficinaquito/,@la.oficina.disco8,https://www.tiktok.com/@la.oficina.disco8
LA PICAETA FAST FOOD,"Cerca de, Juan Pío Montúfar 425, 170401 Quito",-0.223110556,-78.5107527,respaldo_R_S,0.3493010207570992,TRUE,0,0,0,0,0,0,0,0,0,0,Fast Food,Fast Food,No posee,0,LA PICAETA FAST FOOD__199,FALSE,2023,SEGUNDA / 3 TENEDORES,No tiene,0,No tiene,0
LA PIEDRA GALERIA,"S3 LOJA OE4-63 OE5 GARCíA MORENO, Quito, Ecuador",-0.2180569,-78.5053732,primaria_C_D,0.8377286735027936,TRUE,4.8,35,3.58351893845611,0,0,0,0,0,0,0,Internacional,Internacional,No posee,0,LA PIEDRA GALERIA__200,FALSE,2022,TERCERA / 2 TENEDORES,No tiene,0,No tiene,0
LA POSADA DE LA RONDA,"ROCAFUERTE E2-75 LICEO, Quito, Ecuador",-0.2193745,-78.5109218,primaria_C_D,0.2155412275728759,TRUE,4.7,362,5.8944028342648505,0,0,0,0,0,0,0,Desconocido,Otro,No posee,0,LA POSADA DE LA RONDA__201,FALSE,2023,SEGUNDA / 3 TENEDORES,No tiene,0,No tiene,0
LA POSADA DEL CHEF,"JOAQUIN PAREDES S1-93 MORALES, Quito, Ecuador",-0.2241412,-78.515824,primaria_C_D,0.5482163289597757,TRUE,5,3,1.3862943611198906,1,108,4.6913478822291435,1,374,5.926926025970411,1186,Nuevo Tradicional,Nuevo Tradicional,No posee,0,LA POSADA DEL CHEF__202,FALSE,2022,SEGUNDA / 3 TENEDORES,laposada_del.chef,https://www.instagram.com/laposada_del.chef/,@la.posada.del.chef,https://www.tiktok.com/@la.posada.del.chef
LA PURISIMA,"ROCAFUERTE OE4-21 VENEZUELA, Quito, Ecuador",-0.2234759,-78.5092805,primaria_C_D,0.48749820818289713,TRUE,4.5,738,6.6052979209482015,1,7181,8.879333174786028,0,0,0,0,Nuevo Tradicional,Nuevo Tradicional,No posee,0,LA PURISIMA__203,FALSE,2024,PRIMERA / 4 TENEDORES,lpurisima,https://www.instagram.com/lpurisima/,No tiene,0
LA QUEVEDEÑA,"JUNIN N414 MONTUFAR, Quito, Ecuador",-0.2203171,-78.5088862,primaria_C_D,0.4023475847734574,TRUE,3.7,3,1.3862943611198906,0,0,0,0,0,0,0,Desconocido,Otro,No posee,0,LA QUEVEDEÑA__204,FALSE,2024,SEGUNDA / 3 TENEDORES,No tiene,0,No tiene,0
LA SASON DE MARY,"OLMEDO OE6-77 CUENCA, Quito, Ecuador",-0.2210257,-78.5175642,primaria_C_D,0.5661350914966037,TRUE,5,4,1.6094379124341003,0,0,0,0,0,0,0,Tradicional,Tradicional,No posee,0,LA SASON DE MARY__205,FALSE,2024,SEGUNDA / 3 TENEDORES,No tiene,0,No tiene,0
LA SAZÓN COLONIAL D.E.A,"CALDAS OE1-156 VARGAS, Quito, Ecuador",-0.2232256,-78.514135,primaria_C_D,0.3534193960104741,TRUE,4.8,4,1.6094379124341003,0,0,0,0,0,0,0,Nuevo Tradicional,Nuevo Tradicional,No posee,0,LA SAZÓN COLONIAL D.E.A__206,FALSE,2023,SEGUNDA / 3 TENEDORES,No tiene,0,No tiene,0
LA TRADICIÓN,"Venezuela, n3-117, 170401 Quito",-0.220779982,-78.5120194,primaria_C_D,0.06184705952979252,TRUE,2.1,208,5.342334251964811,0,0,0,0,0,0,0,Tradicional,Tradicional,Franquicia,1,LA TRADICIÓN PANADERÍA CAFETERÍA__207,FALSE,2021,SEGUNDA / 3 TENEDORES,No tiene,0,No tiene,0
LA TRADICIÓN,"OE6 BENALCÁZAR N2-76 N3 SUCRE, Quito, Ecuador",-0.2206224,-78.513079,primaria_C_D,0.06580426999178404,TRUE,1.9,53,3.9889840465642745,0,0,0,0,0,0,0,Tradicional,Tradicional,Franquicia,1,LA TRADICIÓN RESTAURANTE - CAFETERÍA__208,FALSE,2021,SEGUNDA / 3 TENEDORES,No tiene,0,No tiene,0
LA TRADICIÓN CONTINUA DESDE 1965,"OE3 GUAYAQUIL N5-05 N5 CHILE, Quito, Ecuador",-0.2208816,-78.5102829,primaria_C_D,0.2501534459338821,TRUE,4,484,6.184148890937483,1,10100,9.220389707829185,1,572,6.35088571671474,1402,Tradicional,Tradicional,No posee,0,LA TRADICIÓN CONTINUA DESDE 1965__209,FALSE,2022,SEGUNDA / 3 TENEDORES,latradicion_1965,https://www.instagram.com/latradicion_1965/,@latradicioncontinua1965,https://www.tiktok.com/@latradicioncontinua1965
LA VID,"MORALES OE3-20 GUAYAQUIL, Quito, Ecuador",-0.2178126,-78.5096871,primaria_C_D,0.4325812703553926,TRUE,4.5,711,6.568077911411976,1,24300,10.098272780745283,1,7202,8.882252884889363,32000,Nuevo Tradicional,Nuevo Tradicional,No posee,0,LA VID__210,FALSE,2018,PRIMERA / 4 TENEDORES,lavidrestaurantequito,https://www.instagram.com/lavidrestaurantequito/,@lavid.restaurantequito,https://www.tiktok.com/@lavid.restaurantequito
LAS AMORES RESTAURANTE,"GARCíA MORENO S1-47 Rocafuerte, Quito, Ecuador",-0.220722482,-78.508696,respaldo_R_S,0.42370519606263524,FALSE,,0,0,0,0,0,0,0,0,0,Desconocido,Otro,No posee,0,LAS AMORES RESTAURANTE__211,FALSE,2023,LUJO / 5 TENEDORES,No tiene,0,No tiene,0
LAS AUTÉNTICAS FRITADAS DE SALCEDO,"Calle Imbabura Centro, N3-71, 170401 Quito",-0.219726371,-78.51672159,respaldo_R_S,0.4772330406785099,TRUE,4.4,12,2.5649493574615367,0,0,0,0,0,0,0,Tradicional,Tradicional,No posee,0,LAS AUTÉNTICAS FRITADAS DE SALCEDO__212,FALSE,2023,SEGUNDA / 3 TENEDORES,No tiene,0,No tiene,0
LAS AUTÉNTICAS GUATITAS DE LA MARÍN ,"Pichincha N4-381 Almeida, Quito, Ecuador",-0.2212313,-78.5088219,primaria_C_D,0.41698865874314084,TRUE,4,80,4.394449154672439,0,0,0,0,0,0,0,Tradicional,Tradicional,No posee,0,LAS AUTÉNTICAS GUATITAS DE LA MARÍN __213,FALSE,2012,SEGUNDA / 3 TENEDORES,No tiene,0,No tiene,0
LAS CORVINAS DEL OSO,"QFGP+X94, Roca fuerte, y y García Moreno, Quito",-0.222417,-78.5146909,primaria_C_D,0.3237063669080271,TRUE,5,2,1.0986122886681098,1,6,1.9459101490553132,0,0,0,0,Comida Ecuatoriana,Comida Ecuatoriana,No posee,0,LAS CORVINAS DEL OSO__214,FALSE,2018,SEGUNDA / 3 TENEDORES,lascorvinasdeloso,https://www.instagram.com/lascorvinasdeloso/,No tiene,0
LAS CUEVAS DE LUIS CANDELAS,"GUAYAQUIL S1-73 MORALES, Quito, Ecuador",-0.2207456,-78.5108337,primaria_C_D,0.1872845385785365,TRUE,3.8,102,4.634728988229636,0,0,0,0,0,0,0,Desconocido,Otro,No posee,0,LAS CUEVAS DE LUIS CANDELAS__215,FALSE,2008,SEGUNDA / 3 TENEDORES,No tiene,0,No tiene,0
LAS DELICIAS COLONIALES DEL CENTRO HISTORICO,"chile OE4-22 venezuela, Quito, Ecuador",-0.2179454,-78.5073418,primaria_C_D,0.6400484573088592,TRUE,5,3,1.3862943611198906,0,0,0,0,0,0,0,Tradicional,Tradicional,No posee,0,LAS DELICIAS COLONIALES DEL CENTRO HISTORICO__216,FALSE,2023,SEGUNDA / 3 TENEDORES,No tiene,0,No tiene,0
LAS DELICIAS DE DON VICHE ,", Quito, Ecuador",-0.2189069,-78.5116685,primaria_C_D,0.19982163606908507,TRUE,4,16,2.833213344056216,0,0,0,0,0,0,0,Comida Ecuatoriana,Comida Ecuatoriana,No posee,0,LAS DELICIAS DE DON VICHE __217,FALSE,2007,SEGUNDA / 3 TENEDORES,No tiene,0,No tiene,0
LAS DELICIAS DE ELY,"MORALES OE3-54 VENEZUELA, Quito, Ecuador",-0.2232368,-78.508402,primaria_C_D,0.547948769193521,TRUE,4.3,1003,6.911747300251674,0,0,0,0,0,0,0,Tradicional,Tradicional,No posee,0,LAS DELICIAS DE ELY__218,FALSE,2024,CUARTA / 1 TENEDOR,No tiene,0,No tiene,0
LAS DELICIAS DE EMI ,"Oriente N10-03 Montufar, Quito, Ecuador",-0.219648298,-78.50544521,respaldo_R_S,0.7901471425539757,FALSE,,0,0,0,0,0,0,0,0,0,Tradicional,Tradicional,No posee,0,LAS DELICIAS DE EMI __219,FALSE,2024,SEGUNDA / 3 TENEDORES,No tiene,0,No tiene,0
LAS DELICIAS DE LA CHILE,"CUENCA N6-81 JOSé JOAQUíN DE OLMEDO, Quito, Ecuador",-0.2205009,-78.5107886,primaria_C_D,0.19029761455152433,TRUE,5,6,1.9459101490553132,0,0,0,0,0,0,0,Desconocido,Otro,No posee,0,LAS DELICIAS DE LA CHILE__220,FALSE,2023,SEGUNDA / 3 TENEDORES,No tiene,0,No tiene,0
LAS DELICIAS DE LA PLAZA GRANDE,"BAHIA DE CARAQUEZ S5-115 CHIMBORAZO, Quito, Ecuador",-0.2190209,-78.5108553,primaria_C_D,0.24595792721929105,TRUE,3.5,19,2.995732273553991,0,0,0,0,0,0,0,Tradicional,Tradicional,No posee,0,LAS DELICIAS DE LA PLAZA GRANDE__221,FALSE,2015,SEGUNDA / 3 TENEDORES,No tiene,0,No tiene,0
LAS DELICIAS DE LA TWENY FOOR,"GARCIA MORENO N7-62 MANABI, Quito, Ecuador",-0.217545357,-78.51074162,respaldo_R_S,0.3823193076110951,FALSE,,0,0,0,0,0,0,0,0,0,Fast Food,Fast Food,No posee,0,LAS DELICIAS DE LA TWENY FOOR__222,FALSE,2015,SEGUNDA / 3 TENEDORES,No tiene,0,No tiene,0
LAS DELICIAS DE MARIANA,"VENEZUELA N5-41 CHILE, Quito, Ecuador",-0.2183864,-78.5071138,primaria_C_D,0.643376092480729,TRUE,4.8,37,3.6375861597263857,0,0,0,0,0,0,0,Tradicional,Tradicional,No posee,0,LAS DELICIAS DE MARIANA__223,FALSE,2024,SEGUNDA / 3 TENEDORES,No tiene,0,No tiene,0
LAS DELICIAS DEL DOGOR ,"CUENCA N6-33 JOSÉ MEJÍA, Quito, Ecuador",-0.218021231,-78.51317061,respaldo_R_S,0.28553521193111,FALSE,,0,0,0,0,0,0,0,0,0,Desconocido,Otro,No posee,0,LAS DELICIAS DEL DOGOR __224,FALSE,2017,SEGUNDA / 3 TENEDORES,No tiene,0,No tiene,0
LAS EXQUISITAS EMPANADAS DE MOROCHO DEL ESTADIO OLIMPICO,"VENEZUELA OE3-81 LOJA, Quito, Ecuador",-0.224708318,-78.51559732,respaldo_R_S,0.5810207498987072,FALSE,,0,0,0,0,0,0,0,0,0,Tradicional,Tradicional,No posee,0,LAS EXQUISITAS EMPANADAS DE MOROCHO DEL ESTADIO OLIMPICO__225,FALSE,2011,SEGUNDA / 3 TENEDORES,No tiene,0,No tiene,0
LAS FRITADAS DE LA OLMEDO,"JUAN DE DIOS MORALES OE1-109 GUAYAQUIL, Quito, Ecuador",-0.2183668,-78.5108599,primaria_C_D,0.2992038490308008,TRUE,5,2,1.0986122886681098,0,0,0,0,0,0,0,Tradicional,Tradicional,No posee,0,LAS FRITADAS DE LA OLMEDO__226,FALSE,2012,SEGUNDA / 3 TENEDORES,No tiene,0,No tiene,0
LAS FRITADAS DE SAN BLAS,"VICENTE ROCAFUERTE OE1-23 PEDRO VICENTE MALDONADO, Quito, Ecuador",-0.2205044,-78.5069922,primaria_C_D,0.612435077025755,TRUE,4.4,606,6.408528791059498,1,944,6.851184927493743,0,0,0,0,Tradicional,Tradicional,No posee,0,LAS FRITADAS DE SAN BLAS__227,FALSE,2021,TERCERA / 2 TENEDORES,fritadasdesanblas,https://www.instagram.com/fritadasdesanblas/,No tiene,0
LAS MENESTRAS DE LA DON BOSCO,"VICENTE ROCAFUERTE OE3-97 VENEZUELA, Quito, Ecuador",-0.2228849,-78.506937,primaria_C_D,0.673021048704852,TRUE,4.3,782,6.663132695990803,0,0,0,0,0,0,0,Comida Ecuatoriana,Comida Ecuatoriana,No posee,0,LAS MENESTRAS DE LA DON BOSCO__228,FALSE,2025,CUARTA / 1 TENEDOR,No tiene,0,No tiene,0
LAS PAPITAS DE LA LOMA,"MANABI OE1-24 MONTUFAR, Quito, Ecuador",-0.219522229,-78.50800533,respaldo_R_S,0.5114700314060127,FALSE,,0,0,0,0,0,0,0,0,0,Tradicional,Tradicional,No posee,0,LAS PAPITAS DE LA LOMA__229,FALSE,,,No tiene,0,No tiene,0
LAS TORTILLAS CAFETERIA,"N2 BOLIVAR OE615 OE6 BENALCAZAR, Quito, Ecuador",-0.2153398,-78.5064618,primaria_C_D,0.8831915315367946,TRUE,4.4,88,4.48863636973214,0,0,0,0,0,0,0,Tradicional,Tradicional,No posee,0,LAS TORTILLAS CAFETERIA__230,FALSE,2024,SEGUNDA / 3 TENEDORES,No tiene,0,No tiene,0
LAS TRADICIONALES FRITADAS,"N11 GALÁPAGOS OE3-43 OE3 GUAYAQUIL, Quito, Ecuador",-0.2183668,-78.5108599,primaria_C_D,0.2992038490308008,TRUE,4.9,14,2.70805020110221,0,0,0,0,0,0,0,Tradicional,Tradicional,No posee,0,LAS TRADICIONALES FRITADAS__231,FALSE,2021,SEGUNDA / 3 TENEDORES,No tiene,0,No tiene,0
LAS TRIPAS DE LA DON BOSCO,"BOLIVAR OE3-74 VENEZUELA, Quito, Ecuador",-0.2236372,-78.506604,primaria_C_D,0.7426315956106536,TRUE,4,1,0.6931471805599453,0,0,0,0,0,0,0,Tradicional,Tradicional,No posee,0,LAS TRIPAS DE LA DON BOSCO__232,FALSE,2012,CUARTA / 1 TENEDOR,No tiene,0,No tiene,0
LA TERTULIA VENEZOLANA,"Manabi y Venezuela Oe4-26 y, 170401 Quito",-0.217908183,-78.51007269,primaria_C_D,0.3948478918113708,TRUE,4.2,13,2.6390573296152584,0,0,0,0,0,0,0,Internacional,Internacional,No posee,0,LA TERTULIA VENEZOLANA__233,FALSE,,,No tiene,0,No tiene,0
LEÑA QUITEÑA,"VENEZUELA N6-66 OLMEDO, Quito, Ecuador",-0.2242899,-78.5138539,primaria_C_D,0.4475006577819232,TRUE,4.1,1246,7.1284959456800365,1,794,6.678342114654332,1,936,6.842683282238422,3870,Nuevo Tradicional,Nuevo Tradicional,No posee,0,LEÑA QUITEÑA__234,FALSE,2008,PRIMERA / 4 TENEDORES,lena_quitena,https://www.instagram.com/lena_quitena/,@lena_quitena,https://www.tiktok.com/@lena_quitena
LITERAE,"LUIS VARGAS TORRES N10-10 ORIENTE, Quito, Ecuador",-0.2174918,-78.5117179,primaria_C_D,0.34561663397816866,TRUE,3.6,7,2.0794415416798357,1,1076,6.981934677156389,0,0,0,0,Cafetería,Cafetería,No posee,0,LITERAE__235,FALSE,2023,PRIMERA / 4 TENEDORES,literae.uio,https://www.instagram.com/literae.uio/,No tiene,0
LOCOS POR UN MOTE ,"Almeida 208 Espejo, Quito, Ecuador",-0.218056,-78.5110252,primaria_C_D,0.3174053129978762,TRUE,5,3,1.3862943611198906,0,0,0,0,0,0,0,Nuevo Tradicional,Nuevo Tradicional,No posee,0,LOCOS POR UN MOTE __236,FALSE,2018,SEGUNDA / 3 TENEDORES,No tiene,0,No tiene,0
LOGRO AYALA,"MORALES E1-39 PAREDES, Quito, Ecuador",-0.2301966,-78.5066029,respaldo_R_S,1.2619487776570235,FALSE,,0,0,0,0,0,0,0,0,0,Desconocido,Otro,No posee,0,LOGRO AYALA__237,FALSE,2024,CUARTA / 1 TENEDOR,No tiene,0,No tiene,0
LOS ASADOS DE LA CUMANDA,"N3 SUCRE E1-106 MONTUFAR, Quito, Ecuador",-0.223802286,-78.51080393,respaldo_R_S,0.41279688966096756,TRUE,0,0,0,0,0,0,0,0,0,0,Parrilla,Parrilla,No posee,0,LOS ASADOS DE LA CUMANDA__238,FALSE,2024,CUARTA / 1 TENEDOR,No tiene,0,No tiene,0
LOS CALDOS DE DOÑA TERE,"S4B CAPITAN ABDON CALDERON GARAYCOA OE9-276 CUMANDA, Quito, Ecuador",-0.2171467,-78.5081361,primaria_C_D,0.6119557636880232,TRUE,4.5,415,6.030685260261263,0,0,0,0,0,0,0,Tradicional,Tradicional,No posee,0,LOS CALDOS DE DOÑA TERE__239,FALSE,2021,SEGUNDA / 3 TENEDORES,No tiene,0,No tiene,0
LOS CALDOS DE EDELMIRA MORALES ,"JUAN DE DIOS MORALES E1-09 AV. MALDONADO, Quito, Ecuador",-0.22588209,-78.51397741,respaldo_R_S,0.620599197155237,FALSE,,0,0,0,0,0,0,0,0,0,Tradicional,Tradicional,No posee,0,LOS CALDOS DE EDELMIRA MORALES __240,FALSE,2020,SEGUNDA / 3 TENEDORES,No tiene,0,No tiene,0
LOS CALDOS DE LA TOLA,"CHIMBORAZO N4-66 CHILE, Quito, Ecuador",-0.222019,-78.5067741,primaria_C_D,0.658709612540112,TRUE,4.5,415,6.030685260261263,0,0,0,0,0,0,0,Tradicional,Tradicional,No posee,0,LOS CALDOS DE LA TOLA__241,FALSE,2024,CUARTA / 1 TENEDOR,No tiene,0,No tiene,0
LOS CANGREJOS DE LA MONA,"Marqueza de Solanda N5-51 Mejía, Quito, Ecuador",-0.2197575,-78.5078434,primaria_C_D,0.5243275263685169,TRUE,4.8,6,1.9459101490553132,0,0,0,0,0,0,0,Comida Ecuatoriana,Comida Ecuatoriana,No posee,0,LOS CANGREJOS DE LA MONA__242,FALSE,2022,SEGUNDA / 3 TENEDORES,No tiene,0,No tiene,0
LOS CEBICHES DE LA RUMIÑAHUI,"Flores N7-42 Manabí, Quito, Ecuador",-0.2192394,-78.509747,primaria_C_D,0.3366840215132338,TRUE,4.2,409,6.016157159698354,1,31300,10.351405324899678,1,3060,8.026496938945412,24300,Comida Ecuatoriana,Comida Ecuatoriana,Franquicia,1,LOS CEBICHES DE LA RUMIÑAHUI,FALSE,2019,SEGUNDA / 3 TENEDORES,loscebichesdelaruminahui,https://www.instagram.com/loscebichesdelaruminahui/,@loscebichesdelaruminahui,https://www.tiktok.com/@loscebichesdelaruminahui
LOS CEVICHES DE LA BUSTAMANTE,"BENALCÁZAR N3-87  ESPEJO, Quito, Ecuador",-0.221402627,-78.51100932,respaldo_R_S,0.19377384833901315,FALSE,,0,0,0,0,0,0,0,0,0,Comida Ecuatoriana,Comida Ecuatoriana,No posee,0,LOS CEVICHES DE LA BUSTAMANTE__244,FALSE,2024,SEGUNDA / 3 TENEDORES,No tiene,0,No tiene,0
LOS FOGONES DE JAZMÍN ,"C. de la Rda., 170130 Quito",-0.2249282,-78.5137354,primaria_C_D,0.5111961707988538,TRUE,4.2,203,5.318119993844216,0,0,0,0,0,0,0,Tradicional,Tradicional,No posee,0,LOS FOGONES DE JAZMÍN __245,FALSE,2018,SEGUNDA / 3 TENEDORES,No tiene,0,No tiene,0
LOS GERANIOS TAPAS Y VINOS,"OE2 FLORES N5-04 N5 CHILE, Quito, Ecuador",-0.2247459,-78.5155069,primaria_C_D,0.5785233622526585,TRUE,4.4,618,6.428105272684596,1,266,5.58724865840025,0,0,0,0,Tradicional,Tradicional,No posee,0,LOS GERANIOS TAPAS Y VINOS__246,FALSE,2014,SEGUNDA / 3 TENEDORES,casalosgeraniosuio,https://www.instagram.com/casalosgeraniosuio/,No tiene,0
LOS MANABAS RICA SAZÓN,"VENEZUELA  N9-73 ORIENTE , Quito, Ecuador",-0.216847672,-78.50878759,respaldo_R_S,0.5790820730892013,FALSE,,0,0,0,0,0,0,0,0,0,Comida Ecuatoriana,Comida Ecuatoriana,No posee,0,LOS MANABAS RICA SAZÓN__247,FALSE,2023,SEGUNDA / 3 TENEDORES,No tiene,0,No tiene,0
LOS MANABAS RICA SAZÓN 2,"N6 MEJIA OE1-40 OE1 A. BUSTAMANTE, Quito, Ecuador",-0.220617271,-78.50903232,respaldo_R_S,0.3858059991686579,FALSE,,0,0,0,0,0,0,0,0,0,Comida Ecuatoriana,Comida Ecuatoriana,No posee,0,LOS MANABAS RICA SAZÓN 2__248,FALSE,2023,SEGUNDA / 3 TENEDORES,No tiene,0,No tiene,0
LOS MOTES DE LA CUENCA HJ,"Maldonado S1-148 Morales , Quito, Ecuador",-0.223699512,-78.5154097,respaldo_R_S,0.4808856482603723,FALSE,,0,0,0,0,0,0,0,0,0,Tradicional,Tradicional,No posee,0,LOS MOTES DE LA CUENCA HJ__249,FALSE,2018,SEGUNDA / 3 TENEDORES,No tiene,0,No tiene,0
LOS MOTES DE LA SUCRE,"VICENTE ROCAFUERTE OE1-49 GUAYAQUIL, Quito, Ecuador",-0.2236198,-78.510776,primaria_C_D,0.39634843796370695,TRUE,3.7,3,1.3862943611198906,0,0,0,0,0,0,0,Comida Ecuatoriana,Comida Ecuatoriana,No posee,0,LOS MOTES DE LA SUCRE__250,FALSE,2024,SEGUNDA / 3 TENEDORES,No tiene,0,No tiene,0
LOS PESCADOS DE LA PLAZA DEL TEATRO,"manabÍ oe1-18 montÚfar, Quito, Ecuador",-0.2194479,-78.5087101,primaria_C_D,0.437351637615012,TRUE,4.9,44,3.8066624897703196,1,1528,7.332369205929062,1,2703,7.902487437162855,12700,Tradicional,Tradicional,No posee,0,LOS PESCADOS DE LA PLAZA DEL TEATRO__251,FALSE,2020,SEGUNDA / 3 TENEDORES,lospescadosdelaplazadlteatro,https://www.instagram.com/lospescadosdelaplazadlteatro/,@lospescadosdelteatro,https://www.tiktok.com/@lospescadosdelteatro
LOS POLLOS DE LA LOMA,"N5 CHILE OE1-12 MONTUFAR, Quito, Ecuador",-0.2247501,-78.5123378,primaria_C_D,0.4729335850462928,TRUE,4.2,141,4.955827057601261,0,0,0,0,0,0,0,Fast Food,Fast Food,No posee,0,LOS POLLOS DE LA LOMA__252,FALSE,2024,CUARTA / 1 TENEDOR,No tiene,0,No tiene,0
LOS POLLOS DE LA POLI,"N5 chile OE1-02 montÚfar 0, Quito, Ecuador",-0.2194497,-78.5077266,primaria_C_D,0.5434707272065209,TRUE,3.4,9,2.302585092994046,0,0,0,0,0,0,0,Fast Food,Fast Food,No posee,0,LOS POLLOS DE LA POLI__253,FALSE,2024,SEGUNDA / 3 TENEDORES,No tiene,0,No tiene,0
LOS POLLOS DEL JUANCHO,"AV. PICHINCHA N4-343 ALMEIDA, Quito, Ecuador",-0.225799,-78.5121987,primaria_C_D,0.5901736208286303,TRUE,4.7,77,4.356708826689592,0,0,0,0,0,0,0,Fast Food,Fast Food,No posee,0,LOS POLLOS DEL JUANCHO__254,FALSE,2024,SEGUNDA / 3 TENEDORES,No tiene,0,No tiene,0
LOS TRES CHANCHITOS,"VICENTE ROCAFUERTE E3-16 FERNANDEZ MADRID, Quito, Ecuador",-0.221474971,-78.5092566,respaldo_R_S,0.3765890887880602,FALSE,,0,0,0,0,0,0,0,0,0,Desconocido,Otro,No posee,0,LOS TRES CHANCHITOS__255,FALSE,2024,SEGUNDA / 3 TENEDORES,No tiene,0,No tiene,0
LUCAS BONE CAROLINA ELIZABETH,"OE3 GUAYAQUIL N8-82 N9 ESMERALDAS, Quito, Ecuador",-0.218292527,-78.50820719,respaldo_R_S,0.5367489166563497,FALSE,,0,0,0,0,0,0,0,0,0,Desconocido,Otro,No posee,0,LUCAS BONE CAROLINA ELIZABETH__256,FALSE,2025,CUARTA / 1 TENEDOR,No tiene,0,No tiene,0
MADISON SONIA,"GUAYAQUIL N11-32 GALÁPAGOS, Quito, Ecuador",-0.218260029,-78.5111911,primaria_C_D,0.28847882049423523,TRUE,0,0,0,0,0,0,0,0,0,0,Tradicional,Tradicional,No posee,0,MADISON SONIA__257,FALSE,2013,SEGUNDA / 3 TENEDORES,No tiene,0,No tiene,0
MAMA KUNA,"VENEZUELA n7-67  MANABÍ, Quito, Ecuador",-0.2180807,-78.5099288,respaldo_R_S,0.39256667813840546,FALSE,,0,0,0,0,0,0,0,0,0,Desconocido,Otro,No posee,0,MAMA KUNA__258,FALSE,2018,SEGUNDA / 3 TENEDORES,No tiene,0,No tiene,0
MAMI LUZ COLONIAL,"E2 EXPOSICION E1-38 S5 BENIGNN VELA, Quito, Ecuador",-0.2275492,-78.5048653,primaria_C_D,1.155459080755958,TRUE,5,1,0.6931471805599453,0,0,0,0,0,0,0,Tradicional,Tradicional,No posee,0,MAMI LUZ COLONIAL__259,FALSE,2018,SEGUNDA / 3 TENEDORES,No tiene,0,No tiene,0
MANIZALES,"GUAYAQUIL N7-61 MANABÍ, Quito, Ecuador",-0.21886963,-78.50910264,respaldo_R_S,0.4190144660231509,FALSE,,0,0,0,0,0,0,0,0,0,Desconocido,Otro,No posee,0,MANIZALES__260,FALSE,2008,SEGUNDA / 3 TENEDORES,No tiene,0,No tiene,0
MARISQUERIA EL TRITON,"GENERAL AYMERICH S/N NA, Quito, Ecuador",-0.229740829,-78.51860586,respaldo_R_S,1.2315754073225047,TRUE,4.6,10,2.3978952727983707,0,0,0,0,0,0,0,Comida Ecuatoriana,Comida Ecuatoriana,No posee,0,MARISQUERIA EL TRITON__261,FALSE,2023,CUARTA / 1 TENEDOR,No tiene,0,No tiene,0
MARISQUERIA LOS PROPIOS DE LA VECI,"BAHíA DE CARÁQUEZ Oe594 AMBATO, Quito, Ecuador",-0.228013591,-78.52199533,primaria_C_D,1.3463954488996728,TRUE,4.6,73,4.30406509320417,0,0,0,0,0,0,0,Comida Ecuatoriana,Comida Ecuatoriana,No posee,0,MARISQUERIA LOS PROPIOS DE LA VECI__262,FALSE,2023,CUARTA / 1 TENEDOR,No tiene,0,No tiene,0
MARKKOS CEVICHERÍA ,"JOSE ANTEPARA E4-09 VICENTE LEON, Quito, Ecuador",-0.222828739,-78.51615541,primaria_C_D,0.48193538074152587,TRUE,0,0,0,0,0,0,0,0,0,0,Comida Ecuatoriana,Comida Ecuatoriana,No posee,0,MARKKOS CEVICHERÍA __263,FALSE,2012,SEGUNDA / 3 TENEDORES,No tiene,0,No tiene,0
MENESTRAS DEL NEGRO,"ABDON CALDERON OE9 CHIMBORAZO, Quito, Ecuador",-0.2179924,-78.5097485,primaria_C_D,0.41394839805434286,TRUE,4.1,1165,7.061334366910438,1,41100,10.623787731088578,1,11000,9.305741456739435,112800,Fast Food,Fast Food,Franquicia,1,MENESTRAS DEL NEGRO,FALSE,2008,SEGUNDA / 3 TENEDORES,menestrasdelnegroec,https://www.instagram.com/menestrasdelnegroec/,@menestrasdelnegroec,https://www.tiktok.com/@menestrasdelnegroec
MENUDOS Y PLATOS TIPÍCOS EL CHINITO ,"Imbabura y Blvr. 24 de Mayo S2-38, S2-38, 170130 Quito",-0.221862642,-78.51862019,primaria_C_D,0.697192728017048,TRUE,4.5,8,2.1972245773362196,0,0,0,0,0,0,0,Tradicional,Tradicional,No posee,0,MENUDOS Y PLATOS TIPÍCOS EL CHINITO __265,FALSE,2013,SEGUNDA / 3 TENEDORES,No tiene,0,No tiene,0
MIGDONIO´S,"Olmedo OE6-67 Benalcázar, Quito, Ecuador",-0.2213435,-78.5111479,primaria_C_D,0.17720297448708688,TRUE,4.4,5,1.791759469228055,1,647,6.473890696352274,0,0,0,0,Comida Ecuatoriana,Comida Ecuatoriana,No posee,0,MIGDONIO´S__266,FALSE,2024,SEGUNDA / 3 TENEDORES,migdonios.restaurant,https://www.instagram.com/migdonios.restaurant/,No tiene,0
MINI CHIFA,"VICENTE LEóN N5-32 CHILE, Quito, Ecuador",-0.2256826,-78.506597,primaria_C_D,0.8734587870877336,TRUE,3,7,2.0794415416798357,0,0,0,0,0,0,0,Internacional,Internacional,No posee,0,MINI CHIFA__267,FALSE,2023,SEGUNDA / 3 TENEDORES,No tiene,0,No tiene,0
MISHKI DELICIOSO,"CHILE OE422 VENEZUELA, Quito, Ecuador",-0.220056329,-78.51153966,respaldo_R_S,0.11762947765774556,FALSE,,0,0,0,0,0,0,0,0,0,Tradicional,Tradicional,No posee,0,MISHKI DELICIOSO__268,FALSE,2021,SEGUNDA / 3 TENEDORES,No tiene,0,No tiene,0
MISKY FOOD EXPERIENCES,"FLORES N7-12 OLMEDO, Quito, Ecuador",-0.223627,-78.5151693,primaria_C_D,0.4571610674255039,TRUE,4.8,85,4.454347296253507,1,2914,7.977625098784593,1,1643,7.404887575616125,8746,Nuevo Tradicional,Nuevo Tradicional,No posee,0,MISKY FOOD EXPERIENCES__269,FALSE,2023,SEGUNDA / 3 TENEDORES,miskycocinadealtura,https://www.instagram.com/miskycocinadealtura/,@misky.uio,https://www.tiktok.com/@misky.uio
MISKY POLLO,"DON BOSCO E3-92 PEDRO CALIXTO, Quito, Ecuador",-0.2257725,-78.5120825,primaria_C_D,0.5881103754757411,TRUE,5,1,0.6931471805599453,0,0,0,0,0,0,0,Desconocido,Otro,No posee,0,MISKY POLLO__270,FALSE,2023,SEGUNDA / 3 TENEDORES,No tiene,0,No tiene,0
MISS TENAZAS ,"Espejo OE2-67 Guayaquil, Quito, Ecuador",-0.221006311,-78.51157401,respaldo_R_S,0.11735124940632004,FALSE,,0,0,0,0,0,0,0,0,0,Desconocido,Otro,No posee,0,MISS TENAZAS __271,FALSE,2018,SEGUNDA / 3 TENEDORES,No tiene,0,No tiene,0
MONSERRATTE,"ROCAFUERTE OE9-92 QUIROGA, Quito, Ecuador",-0.220142159,-78.51159331,respaldo_R_S,0.10838652575313822,FALSE,,0,0,0,0,0,0,0,0,0,Desconocido,Otro,No posee,0,MONSERRATTE__272,FALSE,2024,CUARTA / 1 TENEDOR,No tiene,0,No tiene,0
MORISFASTFOOD,"CHILE E4-13 VICENTE LEON, Quito, Ecuador",-0.224305457,-78.51029799,primaria_C_D,0.48888197159405905,TRUE,0,0,0,0,0,0,0,0,0,0,Fast Food,Fast Food,No posee,0,MORISFASTFOOD__273,FALSE,2023,CUARTA / 1 TENEDOR,No tiene,0,No tiene,0
MR. GRILL´S,"Ambato y Bahia de Caraquez, Quito, Ecuador",-0.223906871,-78.51718183,primaria_C_D,0.6438366051687955,TRUE,4.9,14,2.70805020110221,0,0,0,0,0,0,0,Parrilla,Parrilla,No posee,0,MR. GRILL´S__274,FALSE,2023,SEGUNDA / 3 TENEDORES,No tiene,0,No tiene,0
MUSEO DEL PERNIL BY DULSSINI,"CHILE OE2-37 FLORES, Quito, Ecuador",-0.2185077,-78.5107688,primaria_C_D,0.29348444284542197,TRUE,3.9,52,3.970291913552122,1,1776,7.482681828154651,0,0,0,0,Tradicional,Tradicional,Franquicia,1,MUSEO DEL PERNIL BY DULSSINI,FALSE,2022,PRIMERA / 4 TENEDORES,museodelpernil_oficial,https://www.instagram.com/museodelpernil_oficial/,No tiene,0
NARVAEZ NARVAEZ PABLO ALEXANDER,"OLMEDO 908 MONTUFAR, Quito, Ecuador",-0.220426472,-78.50839448,respaldo_R_S,0.4565828241231438,FALSE,,0,0,0,0,0,0,0,0,0,Desconocido,Otro,No posee,0,NARVAEZ NARVAEZ PABLO ALEXANDER__276,FALSE,2024,SEGUNDA / 3 TENEDORES,No tiene,0,No tiene,0
NOCHES DE BOHEMIA,"BAHÍA DE CARÁQUEZ S3-68 AMBATO, Quito, Ecuador",-0.225799635,-78.51312704,primaria_C_D,0.5934028952317564,TRUE,5,1,0.6931471805599453,0,0,0,0,0,0,0,Bar,Bar,No posee,0,NOCHES DE BOHEMIA__277,FALSE,2024,SEGUNDA / 3 TENEDORES,No tiene,0,No tiene,0
NOCHES DE RONDA,"CHIMBORAZO N1-10 ROCAFUERTE, Quito, Ecuador",-0.2243324,-78.5135979,primaria_C_D,0.4432851822203335,TRUE,4.5,4541,8.421122722665503,0,0,0,0,0,0,0,Tradicional,Tradicional,No posee,0,NOCHES DE RONDA__278,FALSE,2021,SEGUNDA / 3 TENEDORES,No tiene,0,No tiene,0
NUESTRO LEGADO RESTAURANTE,"DON BOSCO E3-78 CALIXTO, Quito, Ecuador",-0.222150382,-78.51397732,primaria_C_D,0.2462961993191341,TRUE,4.5,151,5.0238805208462765,1,1648,7.407924322559599,1,12000,9.392745258631441,24800,Nuevo Tradicional,Nuevo Tradicional,No posee,0,NUESTRO LEGADO RESTAURANTE__279,FALSE,2023,SEGUNDA / 3 TENEDORES,nuestrolegado.ec,https://www.instagram.com/nuestrolegado.ec/,@casanuestrolegado,https://www.tiktok.com/@casanuestrolegado
OMAR DE LA SUCRE,"AV PICHINCHA N4-391 N5 CHILE, Quito, Ecuador",-0.2256826,-78.506597,primaria_C_D,0.8734587870877336,TRUE,5,1,0.6931471805599453,0,0,0,0,0,0,0,Desconocido,Otro,No posee,0,OMAR DE LA SUCRE__280,FALSE,2012,CUARTA / 1 TENEDOR,No tiene,0,No tiene,0
PALENQUE CASA,"FLORES N7-52 MANABÍ, Quito, Ecuador",-0.2227009,-78.5058743,primaria_C_D,0.7763222112014919,TRUE,4.7,356,5.877735781779639,1,25300,10.138599199626192,0,0,0,0,Casa Cultural,Casa Cultural,No posee,0,PALENQUE CASA__281,FALSE,2023,TERCERA / 2 TENEDORES,palenquecasauio,https://www.instagram.com/palenquecasauio/,No tiene,0
PAPAS CON CUERO DELICIAS ENMITA,"OE4 VENEZUELA N3-117 N4A ESPEJO, Quito, Ecuador",-0.217945057,-78.51073938,primaria_C_D,0.34501746933466265,TRUE,0,0,0,0,0,0,0,0,0,0,Tradicional,Tradicional,No posee,0,PAPAS CON CUERO DELICIAS ENMITA__282,FALSE,2022,SEGUNDA / 3 TENEDORES,No tiene,0,No tiene,0
PAPI POLLO DE LA ROSITA,"Francisco Quijano 131, 170130 Quito",-0.227468281,-78.51315429,primaria_C_D,0.778245569991695,TRUE,5,2,1.0986122886681098,0,0,0,0,0,0,0,Fast Food,Fast Food,No posee,0,PAPI POLLO DE LA ROSITA__283,FALSE,2024,SEGUNDA / 3 TENEDORES,No tiene,0,No tiene,0
PAPI POLLO DEYNER,"EJE TRANS. VICENTE ROCAFUERTE E1-58 AV.PEDRO VICENTE MALDONADO, Quito, Ecuador",-0.2223361,-78.520242,primaria_C_D,0.8847436749270803,TRUE,4.4,17,2.8903717578961645,0,0,0,0,0,0,0,Desconocido,Otro,No posee,0,PAPI POLLO DEYNER__284,FALSE,2024,CUARTA / 1 TENEDOR,No tiene,0,No tiene,0
PAPITAS AL PASO,"BOLIVAR OE8-90 CHIMBORAZO, Quito, Ecuador",-0.2225748,-78.5203569,primaria_C_D,0.9035896357082039,TRUE,4.7,12,2.5649493574615367,0,0,0,0,0,0,0,Desconocido,Otro,No posee,0,PAPITAS AL PASO__285,FALSE,2024,CUARTA / 1 TENEDOR,No tiene,0,No tiene,0
PAPITAS DEL CHULLA,"N5 CHILE 930 OE2 FLORES, Quito, Ecuador",-0.217863857,-78.5108207,primaria_C_D,0.347548759798401,TRUE,0,0,0,0,0,0,0,0,0,0,Fast Food,Fast Food,No posee,0,PAPITAS DEL CHULLA__286,FALSE,2022,SEGUNDA / 3 TENEDORES,No tiene,0,No tiene,0
PAPITAS Y GUATITAS A LO BRUTO,"BENALCÁZAR N2-24 SIMÓN BOLÍVAR, Quito, Ecuador",-0.2277832,-78.5073231,primaria_C_D,0.9935930026850139,TRUE,4,4,1.6094379124341003,0,0,0,0,0,0,0,Tradicional,Tradicional,No posee,0,PAPITAS Y GUATITAS A LO BRUTO__287,FALSE,2011,CUARTA / 1 TENEDOR,No tiene,0,No tiene,0
PARRILLADAS PLAZA GRANDE,"Mejía, 170102 Quito",-0.218270303,-78.51261722,primaria_C_D,0.2482733728111494,TRUE,0,0,0,0,0,0,0,0,0,0,Internacional,Internacional,No posee,0,PARRILLADAS PLAZA GRANDE__288,FALSE,2015,SEGUNDA / 3 TENEDORES,No tiene,0,No tiene,0
PAULA GARDEN,"BOLIVAR OE318 CALLE GUAYAQUIL, Quito, Ecuador",-0.2221273,-78.5130627,primaria_C_D,0.19145983601426492,TRUE,3,91,4.5217885770490405,0,0,0,0,0,0,0,Fast Food,Fast Food,No posee,0,PAULA GARDEN__289,FALSE,2024,SEGUNDA / 3 TENEDORES,No tiene,0,No tiene,0
PAULITA DEL CENTRO,"DON BOSCO E4 53 LOS RIOS, Quito, Ecuador",-0.2189193,-78.507317,primaria_C_D,0.6025257597984783,TRUE,4.4,49,3.912023005428146,0,0,0,0,0,0,0,Tradicional,Tradicional,No posee,0,PAULITA DEL CENTRO__290,FALSE,2015,SEGUNDA / 3 TENEDORES,No tiene,0,No tiene,0
PAZ CRUZ MARCUS ALEXANDER,"García Moreno N3-151 PASAJE Espejo, Quito, Ecuador",-0.217792,-78.5076684,respaldo_R_S,0.6158761769438114,FALSE,,0,0,0,0,0,0,0,0,0,Desconocido,Otro,No posee,0,PAZ CRUZ MARCUS ALEXANDER__291,FALSE,2016,SEGUNDA / 3 TENEDORES,No tiene,0,No tiene,0
PERNALETTE PINTO ELIETTE ELICEX,"n7 olmedo oe1-22 montúfar, Quito, Ecuador",-0.220272712,-78.50815344,respaldo_R_S,0.4839721869901266,FALSE,,0,0,0,0,0,0,0,0,0,Desconocido,Otro,No posee,0,PERNALETTE PINTO ELIETTE ELICEX__292,FALSE,2024,SEGUNDA / 3 TENEDORES,No tiene,0,No tiene,0
PICANTERIA D'' YOLIS,"VICENTE ROCAFUERTE E2-149 E2C A. VASCONEZ PB L1 FAMILIA SILVA, Quito, Ecuador",-0.2256826,-78.506597,primaria_C_D,0.8734587870877336,TRUE,4.4,85,4.454347296253507,0,0,0,0,0,0,0,Tradicional,Tradicional,No posee,0,PICANTERIA D'' YOLIS__293,FALSE,2024,CUARTA / 1 TENEDOR,No tiene,0,No tiene,0
PICANTERIA LOLITA,"ESPEJO OE3-45 VENEZUELA, Quito, Ecuador",-0.220876125,-78.51176459,respaldo_R_S,0.09184794231888753,FALSE,,0,0,0,0,0,0,0,0,0,Tradicional,Tradicional,No posee,0,PICANTERIA LOLITA__294,FALSE,2024,SEGUNDA / 3 TENEDORES,No tiene,0,No tiene,0
PICANTES DEL MAR DOÑA MAIRITA,"GUAYAQUIL N11-04 GALAPAGOS, Quito, Ecuador",-0.223328427,-78.51780987,respaldo_R_S,0.6689675290168929,FALSE,,0,0,0,0,0,0,0,0,0,Comida Ecuatoriana,Comida Ecuatoriana,No posee,0,PICANTES DEL MAR DOÑA MAIRITA__295,FALSE,2024,CUARTA / 1 TENEDOR,No tiene,0,No tiene,0
PIEDEMONTE,"N6 DON BOSCO E3-123 E3B PEDRO CALIXTO, Quito, Ecuador",-0.2189132,-78.5046152,primaria_C_D,0.8943217308781615,TRUE,4.2,27,3.332204510175204,0,0,0,0,0,0,0,Desconocido,Otro,No posee,0,PIEDEMONTE__296,FALSE,2018,TERCERA / 2 TENEDORES,No tiene,0,No tiene,0
PIM S PANECILLO,"N8 MANABI OE2-04 OE3 GUAYAQUIL, Quito, Ecuador",-0.2297301,-78.5185844,primaria_C_D,1.2292653094119275,TRUE,4.6,2382,7.776115477098742,1,12300,9.417435838868785,1,1730,7.456454555176209,5269,Internacional,Internacional,No posee,0,PIM S PANECILLO__297,FALSE,2008,PRIMERA / 4 TENEDORES,restaurantepims,https://www.instagram.com/restaurantepims/,@restaurantepims,https://www.tiktok.com/@restaurantepims
PIZZA SA,"GARCÍA MORENO N3-96 ESPEJO, Quito, Ecuador",-0.2212929,-78.5110855,primaria_C_D,0.18030972823273375,TRUE,4.4,297,5.697093486505405,1,4585,8.43076346341785,1,842,6.736966958001855,5258,Fast Food,Fast Food,Franquicia,1,PIZZA SA,FALSE,2022,SEGUNDA / 3 TENEDORES,pizzasa,https://www.instagram.com/pizzasa/,@pizzasa.quito,https://www.tiktok.com/@pizzasa.quito
PIZZERIA NEW YORK,"Montúfar N4-161 Chile, Quito, Ecuador",-0.2240956,-78.5130636,primaria_C_D,0.40469423017449635,TRUE,4.7,23,3.1780538303479458,1,11,2.4849066497880004,1,32,3.4965075614664802,952,Fast Food,Fast Food,No posee,0,PIZZERIA NEW YORK__299,FALSE,2023,SEGUNDA / 3 TENEDORES,pizzeria.new.york,https://www.instagram.com/pizzeria.new.york/reels/,@pizzeria.newyork,https://www.tiktok.com/@pizzeria.newyork
PIZZERIA PIZZA,"AMBATO S3-112 BAHIA DE CARAQUEZ, Quito, Ecuador",-0.2186019,-78.5053221,primaria_C_D,0.8255747847074901,TRUE,4.9,359,5.886104031450156,0,0,0,0,0,0,0,Fast Food,Fast Food,No posee,0,PIZZERIA PIZZA__300,FALSE,2025,SEGUNDA / 3 TENEDORES,No tiene,0,No tiene,0
PLATITOS AL PASO LA BAHÍA,"MANABI OE1-31 MONTUFAR, Quito, Ecuador",-0.223594029,-78.51702285,primaria_C_D,0.60933278005335,TRUE,5,1,0.6931471805599453,0,0,0,0,0,0,0,Comida Ecuatoriana,Comida Ecuatoriana,No posee,0,PLATITOS AL PASO LA BAHÍA__301,FALSE,2023,SEGUNDA / 3 TENEDORES,No tiene,0,No tiene,0
PLATOS TIPICOS DEL VALLE,"AV PICHINCHA N1-668 SUCRE, Quito, Ecuador",-0.2232256,-78.514135,respaldo_R_S,0.3534193960104741,FALSE,,0,0,0,0,0,0,0,0,0,Tradicional,Tradicional,No posee,0,PLATOS TIPICOS DEL VALLE__302,FALSE,2023,SEGUNDA / 3 TENEDORES,No tiene,0,No tiene,0
PLAZA EURO CAFÉ,"MORALES OE3-16 GUAYAQUIL, Quito, Ecuador",-0.2196777,-78.5080218,primaria_C_D,0.5062747458721731,TRUE,4.5,212,5.3612921657094255,0,0,0,0,0,0,0,Cafetería,Cafetería,No posee,0,PLAZA EURO CAFÉ__303,FALSE,2022,SEGUNDA / 3 TENEDORES,No tiene,0,No tiene,0
POLLO FORASTERO,"QFHR+GR3, Don Bosco, 170136 Quito",-0.221230875,-78.5079441,primaria_C_D,0.5130666297503268,TRUE,4,266,5.58724865840025,1,1366,7.220373836723949,1,10700,9.278092474027002,89600,Fast Food,Fast Food,Franquicia,1,POLLO FORASTERO,FALSE,2012,SEGUNDA / 3 TENEDORES,elpolloforastero.ec,https://www.instagram.com/elpolloforastero.ec/,@elpolloforastero,https://www.tiktok.com/@elpolloforastero
POLLO QUITEÑO,"GARCÍA MORENO N1-42 ROCAFUERTE, Quito, Ecuador",-0.2209874,-78.5109915,primaria_C_D,0.17627455162641917,TRUE,2.5,2,1.0986122886681098,0,0,0,0,0,0,0,Fast Food,Fast Food,No posee,0,POLLO QUITEÑO__305,FALSE,2018,SEGUNDA / 3 TENEDORES,No tiene,0,No tiene,0
POLLOS LA NOTA,"eugenio Espejo  Oe2-40 oe2 FLORES, Quito, Ecuador",-0.2222403,-78.51336473,primaria_C_D,0.21608441461482417,TRUE,0,0,0,0,0,0,0,0,0,0,Fast Food,Fast Food,No posee,0,POLLOS LA NOTA__306,FALSE,2022,SEGUNDA / 3 TENEDORES,No tiene,0,No tiene,0
POLLOS PARA TI,"ROCAFUERTE OE8-76 0E8 IMBABURA, Quito, Ecuador",-0.220690829,-78.51746656,respaldo_R_S,0.552659684954868,FALSE,,0,0,0,0,0,0,0,0,0,Fast Food,Fast Food,No posee,0,POLLOS PARA TI__307,FALSE,2014,SEGUNDA / 3 TENEDORES,No tiene,0,No tiene,0
PONDO DE BARRO TRES,"Olmedo OE4-46 Venezuela, Quito, Ecuador",-0.224500957,-78.5137038,primaria_C_D,0.46458684827922087,TRUE,3,67,4.219507705176107,0,0,0,0,0,0,0,Tradicional,Tradicional,No posee,0,PONDO DE BARRO TRES__308,FALSE,2023,SEGUNDA / 3 TENEDORES,No tiene,0,No tiene,0
PUENTE DE PIEDRA DE LA RONDA,"SUCRE OE6-48 CUENCA, Quito, Ecuador",-0.2238068,-78.5150771,primaria_C_D,0.4661743139111954,TRUE,4.6,9,2.302585092994046,0,0,0,0,0,0,0,Desconocido,Otro,No posee,0,PUENTE DE PIEDRA DE LA RONDA__309,FALSE,2013,SEGUNDA / 3 TENEDORES,No tiene,0,No tiene,0
PUERTO CEVICHE,"BOLIVAR OE4-54 VENEZUELA, Quito, Ecuador",-0.2171878,-78.5125675,primaria_C_D,0.36837630664123366,TRUE,4.8,4,1.6094379124341003,0,0,0,0,0,0,0,Comida Ecuatoriana,Comida Ecuatoriana,No posee,0,PUERTO CEVICHE__310,FALSE,2023,SEGUNDA / 3 TENEDORES,No tiene,0,No tiene,0
QENQO PUB,"MONTUFAR N4-146 ESPEJO, Quito, Ecuador",-0.2230405,-78.5139908,primaria_C_D,0.32753638431695714,TRUE,4.8,73,4.30406509320417,1,3507,8.162801353492073,1,2917,7.978653729082731,6227,Bar,Bar,No posee,0,QENQO PUB__311,FALSE,2024,SEGUNDA / 3 TENEDORES,qenqo_uio,https://www.instagram.com/qenqo_uio/,@qenqobrew,https://www.tiktok.com/@qenqobrew
QUE SABOR DANIEL,"Chile &, 170401 Quito",-0.221496429,-78.50924588,primaria_C_D,0.37842249425669716,TRUE,4.5,30,3.4339872044851463,0,0,0,0,0,0,0,Fast Food,Fast Food,No posee,0,QUE SABOR DANIEL__312,FALSE,2021,SEGUNDA / 3 TENEDORES,No tiene,0,No tiene,0
QUERUBÍN,"Chile 56, 170401 Quito",-0.219465771,-78.5117027,primaria_C_D,0.14520659087690407,TRUE,4.8,454,6.12029741895095,1,730,6.594413459749778,1,311,5.7430031878094825,4450,Nuevo Tradicional,Nuevo Tradicional,No posee,0,QUERUBÍN__313,FALSE,2022,SEGUNDA / 3 TENEDORES,querubin_restobar,https://www.instagram.com/querubin_restobar/,@querubin.restobar,https://www.tiktok.com/@querubin.restobar
REAL AUDIENCIA HOTEL,"ROCAFUERTE  E1-50 MONTUFAR, Quito, Ecuador",-0.2207807,-78.5110147,primaria_C_D,0.16808009225718923,TRUE,4.5,138,4.9344739331306915,1,710,6.566672429803241,1,51,3.9512437185814275,75,Nuevo Tradicional,Nuevo Tradicional,No posee,0,REAL AUDIENCIA HOTEL__314,FALSE,2025,SEGUNDA / 3 TENEDORES,marquesarooftop,https://www.instagram.com/marquesarooftop/,@marquesa.rooftop,https://www.tiktok.com/@marquesa.rooftop
RESTAURAN BALCON RONDEÑO,"loja oe5-47 garcía moreno, Quito, Ecuador",-0.2241986,-78.5140623,primaria_C_D,0.4464498667098916,TRUE,3.7,43,3.784189633918261,1,130,4.875197323201151,1,255,5.545177444479562,1722,Tradicional,Tradicional,No posee,0,RESTAURAN BALCON RONDEÑO__315,FALSE,2016,SEGUNDA / 3 TENEDORES,balcon_rondeno,https://www.instagram.com/balcon_rondeno/,@balconrondeno,https://www.tiktok.com/@balconrondeno
RESTAURANT GETSEMANI,"OE7 VENEZUELA N7-31 N7 OLMEDO, Quito, Ecuador",-0.2256826,-78.506597,primaria_C_D,0.8734587870877336,TRUE,5,18,2.9444389791664403,0,0,0,0,0,0,0,Desconocido,Otro,No posee,0,RESTAURANT GETSEMANI__316,FALSE,2021,SEGUNDA / 3 TENEDORES,No tiene,0,No tiene,0
RESTAURANT LA NEGRA MALA,"MEJÍA OE7-72 E IMBABURA, Quito, Ecuador",-0.2167833,-78.5087661,primaria_C_D,0.5858154101077433,TRUE,4.7,242,5.493061443340548,1,204,5.3230099791384085,0,0,0,0,Nuevo Tradicional,Nuevo Tradicional,No posee,0,RESTAURANT LA NEGRA MALA__317,FALSE,2023,SEGUNDA / 3 TENEDORES,lanegramala07,https://www.instagram.com/lanegramala07/,No tiene,0
RESTAURANT SAN FRANCISCO,"Juan de Dios Morales Oe1-135 Guayaquil, Quito, Ecuador",-0.2199758,-78.5138389,primaria_C_D,0.15988161524006467,TRUE,4.3,164,5.10594547390058,0,0,0,0,0,0,0,Tradicional,Tradicional,No posee,0,RESTAURANT SAN FRANCISCO__318,FALSE,2008,SEGUNDA / 3 TENEDORES,No tiene,0,No tiene,0
RESTAURANTE  VALENTINA,"OE8 IMBABURA S4-38 ABDON CALDERON G, Quito, Ecuador",-0.2197575,-78.5078434,respaldo_R_S,0.5243275263685169,FALSE,,0,0,0,0,0,0,0,0,0,Desconocido,Otro,No posee,0,RESTAURANTE  VALENTINA__319,FALSE,2024,SEGUNDA / 3 TENEDORES,No tiene,0,No tiene,0
RESTAURANTE & EVENTOS CAÍDA Y LIMPIA,"Juan de Dios Morales OE1-53 AV. Maldonado, Quito, Ecuador",-0.22523145,-78.51349843,primaria_C_D,0.5376992361040744,TRUE,5,4,1.6094379124341003,0,0,0,0,0,0,0,Fast Food,Fast Food,No posee,0,RESTAURANTE & EVENTOS CAÍDA Y LIMPIA__320,FALSE,2020,SEGUNDA / 3 TENEDORES,No tiene,0,No tiene,0
RESTAURANTE 26 DE NOVIEMBRE,"SUCRE E3-274 AV. PICHINCHA, Quito, Ecuador",-0.2250962,-78.512095,respaldo_R_S,0.5130543670799816,FALSE,,0,0,0,0,0,0,0,0,0,Desconocido,Otro,No posee,0,RESTAURANTE 26 DE NOVIEMBRE__321,FALSE,2021,SEGUNDA / 3 TENEDORES,No tiene,0,No tiene,0
RESTAURANTE BARCELONA,"Oriente OE3-19 Guayaquil, Quito, Ecuador",-0.217977871,-78.50744652,respaldo_R_S,0.6280143461367512,FALSE,,0,0,0,0,0,0,0,0,0,Fast Food,Fast Food,No posee,0,RESTAURANTE BARCELONA__322,FALSE,2023,CUARTA / 1 TENEDOR,No tiene,0,No tiene,0
RESTAURANTE CHILIS WILLIS,"AV MALDONADO S5-48 BENIGNO VELA, Quito, Ecuador",-0.22018588,-78.51675905,respaldo_R_S,0.4748675649679724,FALSE,,0,0,0,0,0,0,0,0,0,Desconocido,Otro,No posee,0,RESTAURANTE CHILIS WILLIS__323,FALSE,2024,SEGUNDA / 3 TENEDORES,No tiene,0,No tiene,0
RESTAURANTE CHINO,"BenalcÁzar N3-71 SUCRE, Quito, Ecuador",-0.22052666,-78.51422312,respaldo_R_S,0.19162371469794148,FALSE,,0,0,0,0,0,0,0,0,0,Internacional,Internacional,No posee,0,RESTAURANTE CHINO__324,FALSE,2024,SEGUNDA / 3 TENEDORES,No tiene,0,No tiene,0
RESTAURANTE CHRISTIAN,"JOSE ANTEPARA  E4-82 LOS RIOS, Quito, Ecuador",-0.221729257,-78.50947888,primaria_C_D,0.3626745375603768,TRUE,0,0,0,0,0,0,0,0,0,0,Comida Ecuatoriana,Comida Ecuatoriana,No posee,0,RESTAURANTE CHRISTIAN__325,FALSE,2016,SEGUNDA / 3 TENEDORES,No tiene,0,No tiene,0
RESTAURANTE DANNY,"OLMEDO OE1-11 BUSTAMANTE, Quito, Ecuador",-0.2248433,-78.5123733,primaria_C_D,0.48315836700080234,TRUE,4,1,0.6931471805599453,0,0,0,0,0,0,0,Desconocido,Otro,No posee,0,RESTAURANTE DANNY__326,FALSE,2024,SEGUNDA / 3 TENEDORES,No tiene,0,No tiene,0
RESTAURANTE DAVID,"OE3 GUAYAQUIL S1-64 S1C MORALES, Quito, Ecuador",-0.2171839,-78.512511,primaria_C_D,0.3687355248870181,TRUE,4.6,61,4.127134385045092,0,0,0,0,0,0,0,Desconocido,Otro,No posee,0,RESTAURANTE DAVID__327,FALSE,2024,SEGUNDA / 3 TENEDORES,No tiene,0,No tiene,0
RESTAURANTE DE UNA,"VENEZUELA 104 OLMEDO, Quito, Ecuador",-0.218572385,-78.51019873,respaldo_R_S,0.3337971956291767,FALSE,,0,0,0,0,0,0,0,0,0,Desconocido,Otro,No posee,0,RESTAURANTE DE UNA__328,FALSE,2018,SEGUNDA / 3 TENEDORES,No tiene,0,No tiene,0
RESTAURANTE DELICIAS MANABITAS,"Mideros Oe8-48, 170401 Quito",-0.218048002,-78.5161678,primaria_C_D,0.4905808009303947,TRUE,4.7,16,2.833213344056216,0,0,0,0,0,0,0,Comida Ecuatoriana,Comida Ecuatoriana,No posee,0,RESTAURANTE DELICIAS MANABITAS__329,FALSE,2019,SEGUNDA / 3 TENEDORES,No tiene,0,No tiene,0
RESTAURANTE DON SIMÓN,"Guayaquil S1-76 Morales, Quito, Ecuador",-0.224851729,-78.5123719,primaria_C_D,0.48409978669436704,TRUE,0,0,0,0,0,0,0,0,0,0,Desconocido,Otro,No posee,0,RESTAURANTE DON SIMÓN__330,FALSE,2023,SEGUNDA / 3 TENEDORES,No tiene,0,No tiene,0
RESTAURANTE DOÑA SUSY,"Guayaquil n762 Manabí, Quito, Ecuador",-0.2174126,-78.5127554,primaria_C_D,0.3444758342222998,TRUE,4.3,239,5.480638923341991,0,0,0,0,0,0,0,Tradicional,Tradicional,No posee,0,RESTAURANTE DOÑA SUSY__331,FALSE,2024,SEGUNDA / 3 TENEDORES,No tiene,0,No tiene,0
RESTAURANTE EL CRIOLLO,"N6 DON BOSCO E397 E3B PEDRO CALIXTO, Quito, Ecuador",-0.2195296,-78.5089324,primaria_C_D,0.4111094377289189,TRUE,4.4,194,5.272999558563747,0,0,0,0,0,0,0,Tradicional,Tradicional,No posee,0,RESTAURANTE EL CRIOLLO__332,FALSE,2023,PRIMERA / 4 TENEDORES,No tiene,0,No tiene,0
RESTAURANTE EL DESCANZO DE LA OLMEDO,"Imbabura N3-09 Alianza, Quito, Ecuador",-0.2191215,-78.51661094,respaldo_R_S,0.48212767678880836,FALSE,,0,0,0,0,0,0,0,0,0,Desconocido,Otro,No posee,0,RESTAURANTE EL DESCANZO DE LA OLMEDO__333,FALSE,2016,SEGUNDA / 3 TENEDORES,No tiene,0,No tiene,0
RESTAURANTE EL PATACÓN COLOMBIANO,"JOSE JOAQUIN DE OLMEDO OE3-34 GUAYAQUIL, Quito, Ecuador",-0.2200899,-78.5087312,primaria_C_D,0.42154208572091256,TRUE,4.4,7,2.0794415416798357,0,0,0,0,0,0,0,Internacional,Internacional,No posee,0,RESTAURANTE EL PATACÓN COLOMBIANO__334,FALSE,2021,SEGUNDA / 3 TENEDORES,No tiene,0,No tiene,0
RESTAURANTE INESITA,"GARCIA MORENO N6-72 OLMEDO, Quito, Ecuador",-0.226976018,-78.50756545,primaria_C_D,0.9053221711426201,TRUE,0,0,0,0,0,0,0,0,0,0,Tradicional,Tradicional,No posee,0,RESTAURANTE INESITA__335,FALSE,2025,CUARTA / 1 TENEDOR,No tiene,0,No tiene,0
RESTAURANTE INFINITY (BISTRO),"Imbabura S2-34 24 DE MAYO, Quito, Ecuador",-0.221902817,-78.51841669,respaldo_R_S,0.676140081250197,FALSE,,0,0,0,0,0,0,0,0,0,Desconocido,Otro,No posee,0,RESTAURANTE INFINITY (BISTRO)__336,FALSE,2023,CUARTA / 1 TENEDOR,No tiene,0,No tiene,0
RESTAURANTE JAIRITO DE LA MONTUFAR,"CUENCA N4-27 MIDEROS, Quito, Ecuador",-0.221882129,-78.50947283,primaria_C_D,0.3700286188617209,TRUE,5,3,1.3862943611198906,0,0,0,0,0,0,0,Tradicional,Tradicional,No posee,0,RESTAURANTE JAIRITO DE LA MONTUFAR__337,FALSE,2013,SEGUNDA / 3 TENEDORES,No tiene,0,No tiene,0
RESTAURANTE JERUSALEN DEL OLMEDO,"EUGENIO ESPEJO OE2-12 FLORES, Quito, Ecuador",-0.2204209,-78.5081586,primaria_C_D,0.48281820178832147,TRUE,0,0,0,0,0,0,0,0,0,0,Tradicional,Tradicional,No posee,0,RESTAURANTE JERUSALEN DEL OLMEDO__338,FALSE,2021,SEGUNDA / 3 TENEDORES,No tiene,0,No tiene,0
RESTAURANTE JORGE,"FRANCISCO DE CALDAS OE1-204 VARGAS, Quito, Ecuador",-0.215623184,-78.50631483,respaldo_R_S,0.8758258220020723,FALSE,,0,0,0,0,0,0,0,0,0,Tradicional,Tradicional,No posee,0,RESTAURANTE JORGE__339,FALSE,2024,CUARTA / 1 TENEDOR,No tiene,0,No tiene,0
RUNA TULPA ANDINA,"García Moreno 7-68, 170130 Quito",-0.2245379,-78.5138261,primaria_C_D,0.4725869556320833,TRUE,4.6,277,5.627621113690637,1,3030,8.016647877057803,1,988,6.8966943316227125,1390,Nuevo Tradicional,Nuevo Tradicional,No posee,0,RUNA TULPA ANDINA__340,FALSE,2024,PRIMERA / 4 TENEDORES,runatulpaandina,https://www.instagram.com/runatulpaandina/?hl=es,@runatulpaandina,https://www.tiktok.com/@runatulpaandina
RESTAURANTE LA DELICIA,"N5 CHILE OE4 -22 VENEZUELA, Quito, Ecuador",-0.222021978,-78.51326823,primaria_C_D,0.18957302004864154,TRUE,4,5,1.791759469228055,0,0,0,0,0,0,0,Tradicional,Tradicional,No posee,0,RESTAURANTE LA DELICIA__341,FALSE,2024,SEGUNDA / 3 TENEDORES,No tiene,0,No tiene,0
RESTAURANTE LA HUECA COLONIAL,"C. Guayaquil 976, 170130 Quito",-0.218222172,-78.50772086,primaria_C_D,0.5886859869106177,TRUE,4.4,48,3.8918202981106265,0,0,0,0,0,0,0,Tradicional,Tradicional,No posee,0,RESTAURANTE LA HUECA COLONIAL__342,FALSE,2020,SEGUNDA / 3 TENEDORES,No tiene,0,No tiene,0
RESTAURANTE LA HUECA DE DON GREGORIO,"Chile OE8-50 E IMBABURA, Quito, Ecuador",-0.2196973,-78.5120192,primaria_C_D,0.10404259898067632,TRUE,4.5,271,5.605802066295998,0,0,0,0,0,0,0,Tradicional,Tradicional,No posee,0,RESTAURANTE LA HUECA DE DON GREGORIO__343,FALSE,2019,SEGUNDA / 3 TENEDORES,No tiene,0,No tiene,0
RESTAURANTE LAURITA BUENA,"MANABI OE1-53 FLORES, Quito, Ecuador",-0.2239027,-78.5089302,primaria_C_D,0.5483798255507961,TRUE,4.2,160,5.081404364984463,0,0,0,0,0,0,0,Tradicional,Tradicional,No posee,0,RESTAURANTE LAURITA BUENA__344,FALSE,2013,CUARTA / 1 TENEDOR,No tiene,0,No tiene,0
RESTAURANTE LENA QUITENA SAN MARCOS,"CHILE OE6-83 CUENCA, Quito, Ecuador",-0.2227268,-78.5103503,primaria_C_D,0.3441618457682493,TRUE,4.7,142,4.962844630259907,1,2027,7.614805364711073,1,895,6.79794041297493,22600,Parrilla,Parrilla,No posee,0,RESTAURANTE LENA QUITENA SAN MARCOS__345,FALSE,2025,CUARTA / 1 TENEDOR,lenaquitena_sanmarcos,https://www.instagram.com/lenaquitena_sanmarcos/,@lenasanmarcos,https://www.tiktok.com/@lenasanmarcos
RESTAURANTE MAMA TERE,"E2B LICEO S1-02 VICENTE ROCAFUERTE, Quito, Ecuador",-0.2172925,-78.5161881,primaria_C_D,0.5434911743090972,TRUE,4.5,19,2.995732273553991,0,0,0,0,0,0,0,Tradicional,Tradicional,No posee,0,RESTAURANTE MAMA TERE__346,FALSE,2018,SEGUNDA / 3 TENEDORES,No tiene,0,No tiene,0
RESTAURANTE MANA DEL CIELO,"VASCONEZ S1-53 JAVIER PIEDRA, Quito, Ecuador",-0.219566,-78.5174984,primaria_C_D,0.5654126998914765,TRUE,5,4,1.6094379124341003,0,0,0,0,0,0,0,Desconocido,Otro,No posee,0,RESTAURANTE MANA DEL CIELO__347,FALSE,2019,SEGUNDA / 3 TENEDORES,No tiene,0,No tiene,0
RESTAURANTE MIS DOS TIERRITAS,"MONTÚFAR N8-15 N8 MANABÍ, Quito, Ecuador",-0.2272049,-78.5110595,primaria_C_D,0.7625628781362277,TRUE,5,7,2.0794415416798357,0,0,0,0,0,0,0,Comida Ecuatoriana,Comida Ecuatoriana,No posee,0,RESTAURANTE MIS DOS TIERRITAS__348,FALSE,2024,CUARTA / 1 TENEDOR,No tiene,0,No tiene,0
RESTAURANTE OASIS JUGOS NATURALES ,"BENaLCáZAR S1-89 Morales, Quito, Ecuador",-0.2209624,-78.5110224,primaria_C_D,0.17215772666051757,TRUE,4.4,108,4.6913478822291435,1,586,6.375024819828097,1,27100,10.207325906555994,152700,Tradicional,Tradicional,No posee,0,RESTAURANTE OASIS JUGOS NATURALES __349,FALSE,2008,SEGUNDA / 3 TENEDORES,oasisrestaurante1,https://www.instagram.com/oasisrestaurante1/,@eloasis_ec,https://www.tiktok.com/@eloasis_ec
RESTAURANTE PIKA POLLO,"N5 CHILE OE 1-48 MONTUFAR, Quito, Ecuador",-0.2243913,-78.5073127,primaria_C_D,0.7210533714644562,TRUE,5,1,0.6931471805599453,0,0,0,0,0,0,0,Fast Food,Fast Food,No posee,0,RESTAURANTE PIKA POLLO__350,FALSE,2021,CUARTA / 1 TENEDOR,No tiene,0,No tiene,0
RESTAURANTE QUITO COLONIAL,"OLMEDO OE5-01 GARCIA MORENO, Quito, Ecuador",-0.2220693,-78.5139276,primaria_C_D,0.2358987684763404,TRUE,3.4,5,1.791759469228055,0,0,0,0,0,0,0,Desconocido,Otro,No posee,0,RESTAURANTE QUITO COLONIAL__351,FALSE,2023,SEGUNDA / 3 TENEDORES,No tiene,0,No tiene,0
RESTAURANTE RAZIEL,"GALÁPAGOS OE3-75 VARGAS , Quito, Ecuador",-0.2195057,-78.5134479,respaldo_R_S,0.15275178794483402,FALSE,,0,0,0,0,0,0,0,0,0,Desconocido,Otro,No posee,0,RESTAURANTE RAZIEL__352,FALSE,2020,SEGUNDA / 3 TENEDORES,No tiene,0,No tiene,0
RESTAURANTE RINCON DE LA MEJIA,"BOLíVAR OE6-15 CUENCA , Quito, Ecuador",-0.2207698,-78.5098787,primaria_C_D,0.29301295460076837,TRUE,5,2,1.0986122886681098,0,0,0,0,0,0,0,Desconocido,Otro,No posee,0,RESTAURANTE RINCON DE LA MEJIA__353,FALSE,2013,SEGUNDA / 3 TENEDORES,No tiene,0,No tiene,0
RESTAURANTE SABOR LOJANO EL CISNE,"SUCRE E3-274 AV PICHINCHA, Quito, Ecuador",-0.218335442,-78.5082501,respaldo_R_S,0.5303274888652852,FALSE,,0,0,0,0,0,0,0,0,0,Comida Ecuatoriana,Comida Ecuatoriana,No posee,0,RESTAURANTE SABOR LOJANO EL CISNE__354,FALSE,2023,SEGUNDA / 3 TENEDORES,No tiene,0,No tiene,0
RESTAURANTE SILVITA,"MONTÚFAR S/N  JOSÉ JOAQUÍN DE OLMEDO, Quito, Ecuador",-0.2310615,-78.5135422,respaldo_R_S,1.1800891108655558,FALSE,,0,0,0,0,0,0,0,0,0,Desconocido,Otro,No posee,0,RESTAURANTE SILVITA__355,FALSE,2024,CUARTA / 1 TENEDOR,No tiene,0,No tiene,0
RESTAURANTE SOFY,"MEJIA OE2-28 FLORES, Quito, Ecuador",-0.220071411,-78.50974757,respaldo_R_S,0.30974219440862577,FALSE,,0,0,0,0,0,0,0,0,0,Desconocido,Otro,No posee,0,RESTAURANTE SOFY__356,FALSE,2024,CUARTA / 1 TENEDOR,No tiene,0,No tiene,0
RESTAURANTE TOKIO,"BOLíVAR OE6-123 CUENCA, Quito, Ecuador",-0.2175959,-78.5071669,primaria_C_D,0.6752319286538366,TRUE,5,8,2.1972245773362196,0,0,0,0,0,0,0,Internacional,Internacional,No posee,0,RESTAURANTE TOKIO__357,FALSE,2024,SEGUNDA / 3 TENEDORES,No tiene,0,No tiene,0
RESTAURANTE Y MARISQUERÍA SORYS,"IMBABURA S3-25 LOJA, Quito, Ecuador",-0.222357974,-78.51878575,respaldo_R_S,0.7288327456899341,FALSE,,0,0,0,0,0,0,0,0,0,Comida Ecuatoriana,Comida Ecuatoriana,No posee,0,RESTAURANTE Y MARISQUERÍA SORYS__358,FALSE,2021,SEGUNDA / 3 TENEDORES,No tiene,0,No tiene,0
RICA JAMA,"OLMEDO OE1-11 ANTONIO BUSTAMANTE, Quito, Ecuador",-0.2207807,-78.5110147,primaria_C_D,0.16808009225718923,TRUE,4.5,11,2.4849066497880004,0,0,0,0,0,0,0,Comida Ecuatoriana,Comida Ecuatoriana,No posee,0,RICA JAMA__359,FALSE,2022,SEGUNDA / 3 TENEDORES,No tiene,0,No tiene,0
RICAS FRITADAS DE ALEX,"ESPEJO OE2-43 GUAYAQUIL, Quito, Ecuador",-0.2205009,-78.5107886,primaria_C_D,0.19029761455152433,TRUE,5,2,1.0986122886681098,0,0,0,0,0,0,0,Tradicional,Tradicional,No posee,0,RICAS FRITADAS DE ALEX__360,FALSE,2024,CUARTA / 1 TENEDOR,No tiene,0,No tiene,0
RICOS MOROCHOS DE DOÑA MERCEDES,"Imbabura N1-22 Rocafuerte, Quito, Ecuador",-0.223516229,-78.50803412,primaria_C_D,0.5992305028635968,TRUE,0,0,0,0,0,0,0,0,0,0,Tradicional,Tradicional,No posee,0,RICOS MOROCHOS DE DOÑA MERCEDES__361,FALSE,2021,CUARTA / 1 TENEDOR,No tiene,0,No tiene,0
RICURAS DE COLOMBIA,"Espejo Oe1-72 Flores, Quito, Ecuador",-0.2228467,-78.5082504,primaria_C_D,0.5397918829281217,TRUE,4.6,55,4.02535169073515,0,0,0,0,0,0,0,Internacional,Internacional,No posee,0,RICURAS DE COLOMBIA__362,FALSE,2018,TERCERA / 2 TENEDORES,No tiene,0,No tiene,0
RINCON DEL GUSTO,"MONTUFAR N1-18 VICENTE ROCAFUERTE, Quito, Ecuador",-0.224999641,-78.51222375,respaldo_R_S,0.5012792846855658,FALSE,,0,0,0,0,0,0,0,0,0,Desconocido,Otro,No posee,0,RINCON DEL GUSTO__363,FALSE,2021,SEGUNDA / 3 TENEDORES,No tiene,0,No tiene,0
RINCON ESTA GUITARRA VIEJA,"ANTONIO ALMEIDA 134 JUNIN, Quito, Ecuador",-0.2243446,-78.5137767,primaria_C_D,0.45045457966341035,TRUE,4,2,1.0986122886681098,0,0,0,0,0,0,0,Tradicional,Tradicional,No posee,0,RINCON ESTA GUITARRA VIEJA__364,FALSE,2022,SEGUNDA / 3 TENEDORES,No tiene,0,No tiene,0
RINCÓN LATINO DE LA PLAZA DEL TEATRO,"GUAYAQUIL N11-04 GALAPAGOS, Quito, Ecuador",-0.219067,-78.5091161,primaria_C_D,0.40861827944462736,TRUE,4.4,8,2.1972245773362196,0,0,0,0,0,0,0,Desconocido,Otro,No posee,0,RINCÓN LATINO DE LA PLAZA DEL TEATRO__365,FALSE,2012,SEGUNDA / 3 TENEDORES,No tiene,0,No tiene,0
RINCON QUITEÑO PIZZERIA,"ESPEJO  OE3-45 GUAYAQUIL, Quito, Ecuador",-0.2219862,-78.5065969,primaria_C_D,0.676873581441721,TRUE,5,8,2.1972245773362196,0,0,0,0,0,0,0,Internacional,Internacional,No posee,0,RINCON QUITEÑO PIZZERIA__366,FALSE,2024,CUARTA / 1 TENEDOR,No tiene,0,No tiene,0
ROKA LOMA,"VENEZUELA OE4-12 ROCAFUERTE, Quito, Ecuador",-0.22757532,-78.51007682,primaria_C_D,0.8316002698969198,TRUE,3.4,5,1.791759469228055,1,5894,8.68185981297147,1,100,4.61512051684126,234,Internacional,Internacional,No posee,0,ROKA LOMA__367,FALSE,2024,CUARTA / 1 TENEDOR,rokaloma_,https://www.instagram.com/rokaloma_/,@roka.loma,https://www.tiktok.com/@roka.loma
RONDA PIZZA,"C. de la Rda. 762, 170130 Quito",-0.2249865,-78.5136077,primaria_C_D,0.5138560830414709,TRUE,4.7,3,1.3862943611198906,0,0,0,0,0,0,0,Internacional,Internacional,No posee,0,RONDA PIZZA__368,FALSE,2012,SEGUNDA / 3 TENEDORES,No tiene,0,No tiene,0
RPB RESTAURANTE BELLAVISTA CENTRO,"Chile  OE8-07 e Imbabura, Quito, Ecuador",-0.2231365,-78.5111784,primaria_C_D,0.3279351726078614,TRUE,4.6,72,4.290459441148391,0,0,0,0,0,0,0,Internacional,Internacional,No posee,0,RPB RESTAURANTE BELLAVISTA CENTRO__369,FALSE,2016,SEGUNDA / 3 TENEDORES,No tiene,0,No tiene,0
"RUNA, TULPA ANDINA","JUAN PIO MONTUFAR LARREA N5-4C MEJIA, Quito, Ecuador",-0.2175875,-78.5105599,primaria_C_D,0.3891280597010407,TRUE,4.7,263,5.575949103146316,1,3010,8.010027528481734,1,974,6.882437470997847,1326,Nuevo Tradicional,Nuevo Tradicional,No posee,0,"RUNA, TULPA ANDINA__370",FALSE,2022,SEGUNDA / 3 TENEDORES,runatulpaandina,https://www.instagram.com/runatulpaandina/,@runatulpaandina,https://www.tiktok.com/@runatulpaandina
SABOR DE CASA ALEXITA´S,"PADRE ALMEIDA OE9 69 CALLE CHIMBORAZO, Quito, Ecuador",-0.225258,-78.5150309,primaria_C_D,0.5992562919575539,TRUE,4.7,44,3.8066624897703196,0,0,0,0,0,0,0,Desconocido,Otro,No posee,0,SABOR DE CASA ALEXITA´S__371,FALSE,2024,SEGUNDA / 3 TENEDORES,No tiene,0,No tiene,0
SABOR EXPRESS,"GUAYAQUIL OE3 N5-73 MEJÍA, Quito, Ecuador",-0.219961916,-78.51026845,respaldo_R_S,0.255246887691285,FALSE,,0,0,0,0,0,0,0,0,0,Desconocido,Otro,No posee,0,SABOR EXPRESS__372,FALSE,2024,SEGUNDA / 3 TENEDORES,No tiene,0,No tiene,0
SABOR Y SAZON,"N2 BOLIVAR OE8-74 OE8 IMBABURA, Quito, Ecuador",-0.220199101,-78.51684565,respaldo_R_S,0.4843676380883355,FALSE,,0,0,0,0,0,0,0,0,0,Desconocido,Otro,No posee,0,SABOR Y SAZON__373,FALSE,2024,SEGUNDA / 3 TENEDORES,No tiene,0,No tiene,0
SABOR Y SAZÓN,"N5 CHILE OE1-47 OE2 FLORES, Quito, Ecuador",-0.221003286,-78.5100923,respaldo_R_S,0.2735085557679787,FALSE,,0,0,0,0,0,0,0,0,0,Desconocido,Otro,No posee,0,SABOR Y SAZÓN__374,FALSE,2023,SEGUNDA / 3 TENEDORES,No tiene,0,No tiene,0
SABORES DE MI TIERRA L.S.A,"AV PICHINCHA N4-383 ALMEIDA, Quito, Ecuador",-0.222833856,-78.50826981,primaria_C_D,0.5372121794045273,TRUE,5,1,0.6931471805599453,0,0,0,0,0,0,0,Comida Ecuatoriana,Comida Ecuatoriana,No posee,0,SABORES DE MI TIERRA L.S.A__375,FALSE,2022,SEGUNDA / 3 TENEDORES,No tiene,0,No tiene,0
SABORES Y DELICIAS ,"Eugenio Espejo Oe3-45, 170401 Quito",-0.2211251,-78.51189628,primaria_C_D,0.09663232170266924,TRUE,5,1,0.6931471805599453,0,0,0,0,0,0,0,Desconocido,Otro,No posee,0,SABORES Y DELICIAS __376,FALSE,2020,SEGUNDA / 3 TENEDORES,No tiene,0,No tiene,0
SAL Y DULCE,"GARCíA MORENO N1-42 ROCAFUERTE, Quito, Ecuador",-0.2193452,-78.5113522,primaria_C_D,0.18104598251954526,TRUE,4,4,1.6094379124341003,0,0,0,0,0,0,0,Desconocido,Otro,No posee,0,SAL Y DULCE__377,FALSE,2023,SEGUNDA / 3 TENEDORES,No tiene,0,No tiene,0
SALADITOS EC,"GUAYAQUIL 1780 BRICEÑO, Quito, Ecuador",-0.2243402,-78.5102814,primaria_C_D,0.49314978577922736,TRUE,5,1,0.6931471805599453,0,0,0,0,0,0,0,Desconocido,Otro,No posee,0,SALADITOS EC__378,FALSE,2023,CUARTA / 1 TENEDOR,No tiene,0,No tiene,0
SALCHIPAPAS  GUAMBITA,"N11 JOSE  ANTEPARA E3-20 E3 PEDRO FERMIN CEVALLOS, Quito, Ecuador",-0.2222699,-78.5053875,primaria_C_D,0.8149871089139982,TRUE,5,1,0.6931471805599453,0,0,0,0,0,0,0,Fast Food,Fast Food,No posee,0,SALCHIPAPAS  GUAMBITA__379,FALSE,2024,CUARTA / 1 TENEDOR,No tiene,0,No tiene,0
SALCHIPAPAS ALEXANDRITA,"QFGH+FGH, 170111 Quito",-0.223801171,-78.52112888,primaria_C_D,1.027300197509507,TRUE,5,3,1.3862943611198906,0,0,0,0,0,0,0,Fast Food,Fast Food,No posee,0,SALCHIPAPAS ALEXANDRITA__380,FALSE,2023,CUARTA / 1 TENEDOR,No tiene,0,No tiene,0
SALCHIPAPAS GUAMBITA,"EJE LONG. JUAN PIO MONTUFAR LARREA N5-61 CHILE, Quito, Ecuador",-0.2231245,-78.5112906,primaria_C_D,0.32132499336987386,TRUE,3.3,7,2.0794415416798357,0,0,0,0,0,0,0,Fast Food,Fast Food,No posee,0,SALCHIPAPAS GUAMBITA__381,FALSE,2023,SEGUNDA / 3 TENEDORES,No tiene,0,No tiene,0
SALCHIPAPAS MARÍA OTTO,"Imbabura N1-32 Rocafuerte, Quito, Ecuador",-0.2207746,-78.5173075,respaldo_R_S,0.5354369832950349,FALSE,,0,0,0,0,0,0,0,0,0,Fast Food,Fast Food,No posee,0,SALCHIPAPAS MARÍA OTTO__382,FALSE,2012,SEGUNDA / 3 TENEDORES,No tiene,0,No tiene,0
SALON LOLITA,"OLMEDO OE5-38 GARCIA MORENO, Quito, Ecuador",-0.228564071,-78.5065736,respaldo_R_S,1.1127880193494204,TRUE,0,0,0,0,0,0,0,0,0,0,Tradicional,Tradicional,No posee,0,SALON LOLITA__383,FALSE,2024,CUARTA / 1 TENEDOR,No tiene,0,No tiene,0
SAMDO,"OE3 GUAYAQUIL N9-81 N10 ORIENTE, Quito, Ecuador",-0.2211,-78.511,respaldo_R_S,0.1796397517849118,FALSE,,0,0,0,0,0,0,0,0,0,Desconocido,Otro,No posee,0,SAMDO__384,FALSE,2022,SEGUNDA / 3 TENEDORES,No tiene,0,No tiene,0
SAN IGNACIO RESTAURANTE,"JUNIN E2-68 ALMEIDA, Quito, Ecuador",-0.2214972,-78.513858,primaria_C_D,0.1873409934028139,TRUE,4.4,1252,7.133295954896068,1,8945,9.098961783992793,1,5672,8.643473357326567,126400,Nuevo Tradicional,Nuevo Tradicional,No posee,0,SAN IGNACIO RESTAURANTE__385,FALSE,2012,SEGUNDA / 3 TENEDORES,sanignaciorestaurante,https://www.instagram.com/sanignaciorestaurante/,@sanignaciorestaurante,https://www.tiktok.com/@sanignaciorestaurante
SANTA PIZZA CAFE Y PASTA,"SC MONTÚFAR N8-31 N8 MANABÍ, Quito, Ecuador",-0.223286,-78.514101,respaldo_R_S,0.35729680378477047,FALSE,,0,0,1,1120,7.02197642307216,1,565,6.338594078203183,6735,Internacional,Internacional,No posee,0,SANTA PIZZA CAFE Y PASTA__386,FALSE,2018,SEGUNDA / 3 TENEDORES,santapizzaec,https://www.instagram.com/santapizzaec/reels/,@santapizzaecuador,https://www.tiktok.com/@santapizzaecuador
SAZÓN MANABITA NORY"","VICENTE ROCAFUERTE E261 E2A B PONTON, Quito, Ecuador",-0.225586419,-78.51184283,respaldo_R_S,0.5702849911896264,FALSE,,0,0,0,0,0,0,0,0,0,Comida Ecuatoriana,Comida Ecuatoriana,No posee,0,SAZÓN MANABITA NORY""__387,FALSE,2019,SEGUNDA / 3 TENEDORES,No tiene,0,No tiene,0
SENDERO QUITEÑO,"VICENTE ROCAFUERTE OE3-03 GUAYAQUIL, Quito, Ecuador",-0.223705609,-78.51356127,respaldo_R_S,0.3754736089610332,FALSE,,0,0,0,0,0,0,0,0,0,Desconocido,Otro,No posee,0,SENDERO QUITEÑO__388,FALSE,2024,SEGUNDA / 3 TENEDORES,No tiene,0,No tiene,0
SEÑORA PAPA,"VENEZUELA N2-61 BOLIVAR, Quito, Ecuador",-0.2202778,-78.5169303,primaria_C_D,0.4932424524846828,TRUE,4.3,4,1.6094379124341003,0,0,0,0,0,0,0,Desconocido,Otro,No posee,0,SEÑORA PAPA__389,FALSE,2024,SEGUNDA / 3 TENEDORES,No tiene,0,No tiene,0
SERENO MORENO,"BOLIVAR OE4-56 VENEZUELA, Quito, Ecuador",-0.2202838,-78.5059558,primaria_C_D,0.7280734592405737,TRUE,4.7,1250,7.1316985104669115,1,14600,9.588845298501564,0,0,0,0,Bar,Bar,No posee,0,SERENO MORENO__390,FALSE,2023,CUARTA / 1 TENEDOR,serenomorenoec,https://www.instagram.com/serenomorenoec/,No tiene,0
SHOCKING FOOD,"GUAYAQUIL 958 EUGENIO ESPEJO Y CHILE, Quito, Ecuador",-0.221024297,-78.51127906,respaldo_R_S,0.14774955310595386,FALSE,,0,0,0,0,0,0,0,0,0,Fast Food,Fast Food,No posee,0,SHOCKING FOOD__391,FALSE,2024,CUARTA / 1 TENEDOR,No tiene,0,No tiene,0
SHUSHI DRINKS,"JOSE ANTEPARRA E3-77 PEDRO FERMIN CEVALLOS, Quito, Ecuador",-0.2187801,-78.5042356,primaria_C_D,0.9386416817903371,TRUE,4.8,109,4.700480365792417,1,363,5.8971538676367405,0,0,0,0,Internacional,Internacional,No posee,0,SHUSHI DRINKS__392,FALSE,2024,TERCERA / 2 TENEDORES,sushi.drinks,https://www.instagram.com/sushi.drinks/,No tiene,0
SIN CULPA,"JUAN DE DIOS MORALES OE3-84 VENEZUELA, Quito, Ecuador",-0.2198306,-78.5112512,primaria_C_D,0.1575508815527802,TRUE,5,5,1.791759469228055,1,181,5.204006687076795,1,226,5.424950017481403,1106,Tradicional,Tradicional,No posee,0,SIN CULPA__393,FALSE,2021,SEGUNDA / 3 TENEDORES,sinculparestaurantes,https://www.instagram.com/sinculparestaurantes/reels/,@sinculparestaurantes,https://www.tiktok.com/@sinculparestaurantes
SINNERS MICROCERCEVECERIA,"GUAYAQUIL S1-67 MORALES, Quito, Ecuador",-0.2207456,-78.5108337,primaria_C_D,0.1872845385785365,TRUE,4.7,1453,7.282073658093465,1,27000,10.203629181337648,0,0,0,0,Bar,Bar,Franquicia,1,SINNERS MICROCERCEVECERIA,FALSE,2023,PRIMERA / 4 TENEDORES,sinnersmicrocerveceria,https://www.instagram.com/sinnersmicrocerveceria/,No tiene,0
SOCKS &BREWS ,"ESMERALDAS E3-110 VICENTE LEON, Quito, Ecuador",-0.220273071,-78.50597726,respaldo_R_S,0.7257290405825202,FALSE,,0,0,0,0,0,0,0,0,0,Bar,Bar,No posee,0,SOCKS &BREWS __395,FALSE,2024,CUARTA / 1 TENEDOR,No tiene,0,No tiene,0
STARTWIN COFFEE,"Guayaquil N9-02 Esmeraldas, Quito, Ecuador",-0.2211634,-78.5128082,primaria_C_D,0.08133856736651342,TRUE,3.6,64,4.174387269895637,0,0,0,0,0,0,0,Cafetería,Cafetería,No posee,0,STARTWIN COFFEE__396,FALSE,2021,SEGUNDA / 3 TENEDORES,No tiene,0,No tiene,0
SUSHI AND DRINKS,"OE10 CUMANDA S4-35 AMBATO, Quito, Ecuador",-0.2205044,-78.5069922,primaria_C_D,0.612435077025755,TRUE,4.8,109,4.700480365792417,0,0,0,0,0,0,0,Internacional,Internacional,No posee,0,SUSHI AND DRINKS__397,FALSE,2023,CUARTA / 1 TENEDOR,No tiene,0,No tiene,0
SWEET MY DAY,"PEREIRA OE1-10 MONTUFAR, Quito, Ecuador",-0.2207807,-78.5110147,respaldo_R_S,0.16808009225718923,FALSE,,0,0,0,0,0,0,0,0,0,Cafetería,Cafetería,No posee,0,SWEET MY DAY__398,FALSE,2023,SEGUNDA / 3 TENEDORES,No tiene,0,No tiene,0
SWEETIES MOMENTS BY TEATRO BOLIVAR,"OLMEDO  OE3-26 GUAYAQUIL, Quito, Ecuador",-0.22148,-78.5109764,primaria_C_D,0.20143544631447402,TRUE,4.6,995,6.903747257584598,0,0,0,0,0,0,0,Cafetería,Cafetería,No posee,0,SWEETIES MOMENTS BY TEATRO BOLIVAR__399,FALSE,2024,SEGUNDA / 3 TENEDORES,No tiene,0,No tiene,0
THE ALTAMIRA EXPERIENCE,"GARCIA MORENO N6 72 OLMEDO, Quito, Ecuador",-0.2153398,-78.5064618,primaria_C_D,0.8831915315367946,TRUE,4.9,14,2.70805020110221,1,309,5.736572297479192,1,30,3.4339872044851463,114,Nuevo Tradicional,Nuevo Tradicional,No posee,0,THE ALTAMIRA EXPERIENCE__400,FALSE,2017,SEGUNDA / 3 TENEDORES,altamira.experience,https://www.instagram.com/altamira.experience/,@altamirarestaurante_,https://www.tiktok.com/@altamirarestaurante_
THE CUCINA & MEGA SUSHI,"CUENCA N6-04 MEJÍA, Quito, Ecuador",-0.2183658,-78.5056351,respaldo_R_S,0.7993745228106628,FALSE,,0,0,0,0,0,0,0,0,0,Internacional,Internacional,No posee,0,THE CUCINA & MEGA SUSHI__401,FALSE,2024,SEGUNDA / 3 TENEDORES,No tiene,0,No tiene,0
THE GALES,"ESPEJO OE4-27 Venezuela, Quito, Ecuador",-0.2207968,-78.5088734,respaldo_R_S,0.4046047512544186,FALSE,,0,0,0,0,0,0,0,0,0,Desconocido,Otro,No posee,0,THE GALES__402,FALSE,2023,SEGUNDA / 3 TENEDORES,No tiene,0,No tiene,0
THE SECRET GARDEN,"OLMEDO OE3-18 GUAYAQUIL, Quito, Ecuador",-0.2189965,-78.5045457,primaria_C_D,0.9001328558570234,TRUE,4.7,6024,8.703672758358856,1,45500,10.725489582719506,1,33700,10.425282789490705,339900,Hostal,Hostal,No posee,0,THE SECRET GARDEN__403,FALSE,2023,TERCERA / 2 TENEDORES,secretgardenquito,https://www.instagram.com/secretgardenquito/,@secretgardenecuador.com,https://www.tiktok.com/@secretgardenecuador.com
TIERRAS DEL SUR,"GUAYAQUIL N4-42 ESPEJO, Quito, Ecuador",-0.2183593,-78.5126155,primaria_C_D,0.23838119061782784,TRUE,4,19,2.995732273553991,0,0,0,0,0,0,0,Desconocido,Otro,No posee,0,TIERRAS DEL SUR__404,FALSE,2024,SEGUNDA / 3 TENEDORES,No tiene,0,No tiene,0
TRIBURGUER,"DON BOSCO E E3-171 VICENTE LEON, Quito, Ecuador",-0.2207456,-78.5108337,respaldo_R_S,0.1872845385785365,FALSE,,0,0,0,0,0,0,0,0,0,Fast Food,Fast Food,No posee,0,TRIBURGUER__405,FALSE,2012,SEGUNDA / 3 TENEDORES,No tiene,0,No tiene,0
TUKOBOLON,"AV PICHINCHA N4-145 INCLANA, Quito, Ecuador",-0.2243913,-78.50732343,respaldo_R_S,0.720099312794084,FALSE,,0,0,0,0,0,0,0,0,0,Comida Ecuatoriana,Comida Ecuatoriana,No posee,0,TUKOBOLON__406,FALSE,2024,SEGUNDA / 3 TENEDORES,No tiene,0,No tiene,0
TUS PAPITAS,"JUAN DE DIOS MORALES OE1-05 AV. MALDONADO, Quito, Ecuador",-0.22682622,-78.51272214,respaldo_R_S,0.703877103468227,FALSE,,0,0,0,0,0,0,0,0,0,Fast Food,Fast Food,No posee,0,TUS PAPITAS__407,FALSE,2023,SEGUNDA / 3 TENEDORES,No tiene,0,No tiene,0
UNION DE LA ROCAFUERTE,"Benalcázar N3-81 Espejo, Quito, Ecuador",-0.219636817,-78.51332808,respaldo_R_S,0.13300657560675652,FALSE,,0,0,0,0,0,0,0,0,0,Desconocido,Otro,No posee,0,UNION DE LA ROCAFUERTE__408,FALSE,2012,SEGUNDA / 3 TENEDORES,No tiene,0,No tiene,0
UNONPA RESTAURANTE ,"Sucre E3-238 Av. Pichincha, Quito, Ecuador",-0.226907525,-78.50801196,respaldo_R_S,0.8698725354025736,FALSE,,0,0,0,0,0,0,0,0,0,Desconocido,Otro,No posee,0,UNONPA RESTAURANTE __409,FALSE,2023,SEGUNDA / 3 TENEDORES,No tiene,0,No tiene,0
URBN PROT,", Quito, Ecuador",-0.218563389,-78.50881206,primaria_C_D,0.46317944629640945,TRUE,4.7,10,2.3978952727983707,1,638,6.459904454377535,1,235,5.4638318050256105,2471,Saludable,Saludable,No posee,0,URBN PROT__410,FALSE,2024,TERCERA / 2 TENEDORES,urbnprot,https://www.instagram.com/urbnprot/,@urbnprot,https://www.tiktok.com/@urbnprot
VALENCAM,"JOSE DE ANTEPARA S/N LOS RIOS, Quito, Ecuador",-0.219030137,-78.50428016,respaldo_R_S,0.9284960998997253,FALSE,,0,0,0,0,0,0,0,0,0,Desconocido,Otro,No posee,0,VALENCAM__411,FALSE,2022,SEGUNDA / 3 TENEDORES,No tiene,0,No tiene,0
VALENTINA DE LA MANABÍ,"N3 SUCRE SN 281 AV PICHINCHA, Quito, Ecuador",-0.219130513,-78.50857283,respaldo_R_S,0.4624684003929335,FALSE,,0,0,0,0,0,0,0,0,0,Comida Ecuatoriana,Comida Ecuatoriana,No posee,0,VALENTINA DE LA MANABÍ__412,FALSE,2019,SEGUNDA / 3 TENEDORES,No tiene,0,No tiene,0
VALLE GUALPA JESSICA ALEXANDRA ,"BOLÍVAR OE5-30 BENALCÁZAR, Quito, Ecuador",-0.2212668,-78.5136812,respaldo_R_S,0.15659131671762896,FALSE,,0,0,0,0,0,0,0,0,0,Desconocido,Otro,No posee,0,VALLE GUALPA JESSICA ALEXANDRA __413,FALSE,2024,CUARTA / 1 TENEDOR,No tiene,0,No tiene,0
VENÍ ACÁ,"GARCIA MORENO N3-80 EUGENIO ESPEJO, Quito, Ecuador",-0.220136557,-78.51281285,respaldo_R_S,0.05332309660420549,FALSE,,0,0,0,0,0,0,0,0,0,Desconocido,Otro,No posee,0,VENÍ ACÁ__414,FALSE,2012,SEGUNDA / 3 TENEDORES,No tiene,0,No tiene,0
VIAJERO HOSTELS,"Benalcázar N3-119 Espejo, Quito, Ecuador",-0.223286,-78.514101,primaria_C_D,0.35729680378477047,TRUE,4.6,1018,6.926577033222725,0,0,0,0,0,0,0,Desconocido,Otro,No posee,0,VIAJERO HOSTELS__415,FALSE,2022,SEGUNDA / 3 TENEDORES,No tiene,0,No tiene,0
VISTA HERMOSA CAFE MIRADOR,"OLMEDO OE4-49  Y VENEZUELA, Quito, Ecuador",-0.2191353,-78.5114302,primaria_C_D,0.1928153785217175,TRUE,4.5,3211,8.074649075066652,0,0,0,0,0,0,0,Tradicional,Tradicional,No posee,0,VISTA HERMOSA CAFE MIRADOR__416,FALSE,2014,PRIMERA / 4 TENEDORES,No tiene,0,No tiene,0
WEST CHICKEN,"N11E PEDRO BRICENO OE1125 VARGAS, Quito, Ecuador",-0.2196308,-78.5069497,primaria_C_D,0.6246828083773831,TRUE,4.1,11,2.4849066497880004,0,0,0,0,0,0,0,Fast Food,Fast Food,No posee,0,WEST CHICKEN__417,FALSE,2021,SEGUNDA / 3 TENEDORES,No tiene,0,No tiene,0
WHISKY PUB,"GarcÍa Moreno N7-78 MANABÍ, Quito, Ecuador",-0.2230713,-78.5162319,respaldo_R_S,0.5039283979334795,FALSE,,0,0,1,1159,7.05617528410041,0,0,0,0,Bar,Bar,No posee,0,WHISKY PUB__418,FALSE,2019,SEGUNDA / 3 TENEDORES,whiskyagogouio,https://www.instagram.com/whiskyagogouio/,No tiene,0
YAGÜI BEEF,"VENEZUELA N1-81 BOLÍVAR, Quito, Ecuador",-0.2185365,-78.5107297,primaria_C_D,0.29396810211678714,TRUE,4.9,24,3.2188758248682006,1,690,6.53813982376767,1,578,6.361302477572996,6402,Fast Food,Fast Food,No posee,0,YAGÜI BEEF__419,FALSE,2021,SEGUNDA / 3 TENEDORES,yaguibeef.ec,https://www.instagram.com/yaguibeef.ec/,@yaguibeef.ec,https://www.tiktok.com/@yaguibeef.ec
